"                      LISTA DE PRECIOS - G3 ELECTRÓNICA - ""ACTUALIZACIÓN AUTOMATICA""                                                                                                          ",,,,,,
PRODUCTOS,DOLAR,Column 4,Columna 2,PESOS,,
Categoria, ,Producto,,Precio Pesos G3,Fecha de Precios:,"10 ago 2026, 9:24:49"
Xiaomi,🛠️,KIT DE LLAVES DE PRECISION XIAOMI,,$36.000,,
Xiaomi,📱,Pencil Xiaomi Smart Pen BHR9413CN,,$139.000,,
Xiaomi,📱,XIAOMI 15T NFC DUAL SIM DE 512GB 12GB RAM de 6.83. Leica 50+50+12MP 32MP,,$1.111.000,,
Xiaomi,📱,XIAOMI 15T PRO NFC DUAL SIM 5G - 12GB/1TB de 6.83. Leica 50+50+12MP 32MP,,$1.530.000, ,
Xiaomi,📱,XIAOMI 15T PRO NFC DUAL SIM 5G - 12GB/512GB DE 6.83. Leica 50+50+12MP 32MP,,$1.327.000,,
Xiaomi,📱,XIAOMI POCO C71 4G - 3/64GB,,$190.000,,
Xiaomi,📱,XIAOMI POCO C71 4G - 4/128GB,,$226.000,,
Xiaomi,📱,XIAOMI POCO C81 PRO 4G - 4/128GB,,$236.000,,
Xiaomi,📱,XIAOMI POCO C85 4G - 6/128GB,,$248.000,,
Xiaomi,📱,XIAOMI POCO C85 4G - 8/256GB,,$258.000,,
Xiaomi,📱,XIAOMI POCO F6 PRO 5G - 12/512GB,,$641.000,,
Xiaomi,📱,XIAOMI POCO F7 5G - 12/256GB,,$754.000,,
Xiaomi,📱,XIAOMI POCO F7 5G - 12/512GB,,$822.000,,
Xiaomi,📱,XIAOMI POCO F8 PRO 5G - 12/256GB,,$986.000,,
Xiaomi,📱,XIAOMI POCO F8 PRO 5G - 12/512GB,,$1.018.000,,
Xiaomi,📱,XIAOMI POCO M7 PRO 5G - 12/512GB,,$522.000,,
Xiaomi,📱,XIAOMI POCO M8 5G - 8/256GB DUAL SIM GLOBAL,,$426.000,,
Xiaomi,📱,XIAOMI POCO M8 5G - 8/512GB DUAL SIM GLOBAL,,$477.000,,
Xiaomi,📱,XIAOMI POCO M8 PRO 5G - 12/512GB NFC DUAL SIM,,$616.000,,
Xiaomi,📱,XIAOMI POCO M8 PRO 5G - 8/256GB NFC DUAL SIM,,$496.000,,
Xiaomi,📱,XIAOMI POCO X7 5G - 8/256GB,,$477.000,,
Xiaomi,📱,XIAOMI POCO X7 PRO 5G - 8/256GB,,$577.000,,
Xiaomi,📱,XIAOMI POCO X7 PRO 5G - 12/256GB,,$583.000,,
Xiaomi,📱,XIAOMI POCO X7 PRO 5G - 12/512GB,,$661.000,,
Xiaomi,📱,XIAOMI POCO X7 PRO 5G - 12/512GB - EDICION IRON MAN,,$812.000,,
Xiaomi,📱,XIAOMI POCO X8 PRO 5G - 12GB/512GB NFC DUAL SIM - 6.59 PULGADAS,,$751.000,,
Xiaomi,📱,XIAOMI POCO X8 PRO 5G - 8/256GB NFC DUAL SIM - 6.59 PULGADAS,,$673.000,,
Xiaomi,📱,XIAOMI POCO X8 PRO MAX 5G - 12/512GB NFC DUAL SIM - 6.83 PULGADAS,,$960.000,,
Xiaomi,📱,XIAOMI POCO X8 PRO MAX 5G - 12GB/256GB NFC DUAL SIM - 6.83 PULGADAS,,$867.000,,
Xiaomi,📱,XIAOMI REDMI 15 4G - 6/128GB,,$290.000,,
Xiaomi,📱,XIAOMI REDMI 15 4G - 8/256GB,,$335.000,,
Xiaomi,📱,XIAOMI REDMI 15C 4G - 4/128GB,,$248.000,,
Xiaomi,📱,XIAOMI REDMI 15C 4G - 8/256GB,,$258.000,,
Xiaomi,📱,XIAOMI REDMI 17 4G 4/128 GB,,$323.000,,
Xiaomi,📱,XIAOMI REDMI 17 4G 4/256 GB,,$358.000,,
Xiaomi,📱,XIAOMI REDMI 17 4G 6/256 GB,,$406.000,,
Xiaomi,📱,XIAOMI REDMI A5 4G - 3/64GB,,$187.000,,
Xiaomi,📱,XIAOMI REDMI A5 4G - 4/128GB,,$232.000,,
Xiaomi,📱,XIAOMI REDMI A7 PRO 4G - 4/128GB,,$236.000,,
Xiaomi,📱,XIAOMI REDMI A7 PRO 4G - 4/64GB,,$223.000,,
Xiaomi,📱,XIAOMI REDMI NOTE 14 4G - 8/256GB,,$345.000,,
Xiaomi,📱,XIAOMI REDMI NOTE 14 5G - 8/256GB,,$368.000,,
Xiaomi,📱,XIAOMI REDMI NOTE 14 PRO 5G - 12/512GB,,$583.000,,
Xiaomi,📱,XIAOMI REDMI NOTE 14 PRO 5G - 8/256 GB,,$490.000,,
Xiaomi,📱,XIAOMI REDMI NOTE 14 PRO PLUS 5G - 12/256 GB,,$593.000,,
Xiaomi,📱,XIAOMI REDMI NOTE 14 PRO PLUS 5G - 12/512GB,,$683.000,,
Xiaomi,📱,XIAOMI REDMI NOTE 14 PRO PLUS 5G - 8/256GB,,$580.000,,
Xiaomi,📱,XIAOMI REDMI NOTE 15 4G 6 / 128 gb,,$339.000,,
Xiaomi,📱,XIAOMI REDMI NOTE 15 4G 8 / 256 gb,,$384.000,,
Xiaomi,📱,XIAOMI REDMI NOTE 15 5G 8 / 256 gb,,$480.000,,
Xiaomi,📱,XIAOMI REDMI NOTE 15 PRO 4G - 12 / 512 GB,,$567.000,,
Xiaomi,📱,XIAOMI REDMI NOTE 15 PRO 4G - 8 / 256 GB,,$506.000,,
Xiaomi,📱,XIAOMI REDMI NOTE 15 PRO 5G - 12/512GB,,$664.000,,
Xiaomi,📱,XIAOMI REDMI NOTE 15 PRO 5G - 8/256GB,,$583.000,,
Xiaomi,📱,XIAOMI REDMI NOTE 15 PRO PLUS 5G - 12 / 512 GB,,$744.000,,
Xiaomi,📱,XIAOMI REDMI NOTE 15 PRO PLUS 5G - 8 / 256 GB,,$651.000,,
Xiaomi,🔊,XIAOMI SOUND OUTDOOR AZUL,,$84.000,,
Xiaomi,🔊,XIAOMI SOUND OUTDOOR DORADO,,$84.000,,
Xiaomi,🔊,XIAOMI SOUND OUTDOOR NEGRO,,$84.000,,
Xiaomi,🔊,XIAOMI SOUND OUTDOOR ROJO,,$84.000,,
Xiaomi,🔊,XIAOMI SOUND OUTDOOR VERDE,,$87.000,,
Xiaomi,🔊,XIAOMI SOUND PARTY BLUETOOH,,$178.000,,
Xiaomi,🔊,XIAOMI SOUND POCKET - CINZA/AZUL,,$39.000,,
Xiaomi,🔊,XIAOMI SOUND POCKET - NEGRO,,$39.000,,
Xiaomi,🔊,XIAOMI SOUND POCKET - ROSA,,$39.000,,
Xiaomi,📽️,XIAOMI TV BOX S 3ND GENERATION MDZ-32-AA 4K ULTRA HD DE 32GB/2GB RAM,,$145.000,,
Xiaomi,📽️,XIAOMI TV STICK 4K MDZ-33-AA 2 GENERACION Quad-Core Wifi 6,,$113.000,,
Xiaomi,📽️,XIAOMI TV STICK HD,,$94.000,,
Wiskys,🥃,Whisky Chivas Regal 12 AÑos 1 Litro,,$55.000,,
Wiskys,🥃,Whisky Jack Daniels Tennessee 1 Litro,,$52.000,,
Wiskys,🥃,Whisky Jack Daniels Tennessee Apple 1 Litro,,$52.000,,
Wiskys,🥃,Whisky Jack Daniels Tennessee Honey 1 Litro,,$52.000,,
Wiskys,🥃,WHISKY JOHNNIE WALKER BLACK LABEL 1 LITRO,,$65.000,,
Wiskys,🥃,WHISKY JOHNNIE WALKER BLUE LABEL 750ML,,$438.000,,
Wiskys,🥃,WHISKY JOHNNIE WALKER DOUBLE BLACK 1 LITRO,,$68.000,,
Wiskys,🥃,WHISKY JOHNNIE WALKER GOLD LABEL RESERVE 750ML,,$100.000,,
Wiskys,🥃,WHISKY JOHNNIE WALKER GOLD ULTIMATE 18 AÑOS 750ML,,$223.000,,
Wiskys,🥃,WHISKY JOHNNIE WALKER GREEN LABEL 750ML,,$174.000,,
Wiskys,🥃,WHISKY JOHNNIE WALKER RED LABEL 1 LITRO,,$36.000,,
VENTILADORES INDUSTRIALES,🌀,VENTILADOR INDUSTRIAL 26 PULGADAS - HDK - 2 EN 1 - PARED / DE PIE,,$213.000,,
VENTILADORES INDUSTRIALES,🌀,VENTILADOR INDUSTRIAL 30 PULGADAS - HDK - DE PIE,,$216.000,,
VENTILADORES INDUSTRIALES,🌀,VENTILADOR INDUSTRIAL DE PARED 26 PULGADAS - VENTOS - CAJA X 2,,$190.000,,
VENTILADORES INDUSTRIALES,🌀,VENTILADOR INDUSTRIAL DE PARED 30 PULGADAS - VENTOS - CAJA X 2 - VN-006,,$194.000,,
VENTILADORES INDUSTRIALES,🌀,VENTILADOR INDUSTRIAL DE PIE... 26 PULGADAS - CAJA X 2 - STANLUX,,$171.000,,
VENTILADORES INDUSTRIALES,🌀,VENTILADOR INDUSTRIAL DE PIE... 26 PULGADAS - VENTOS - CAJA X 2,,$190.000,,
VENTILADORES INDUSTRIALES,🌀,VENTILADOR TOKYO DE PIE INDUSTRIAL 26 PULGADAS VETOKPII26,,$162.000,,
VENTILADOR,🌀,VENTILADOR A BATERIA VENTOS -- 16 PULGADAS -- 5 VELOCIDADES,,$110.000,,
VENTILADOR,🌀,VENTILADOR DE MESA - MARCA AMAZON - 3 VELOCIDADES,,$29.000,,
VENTILADOR,🌀,VENTILADOR DE PIE 18 PULGADAS -MARCA VENTOS - 3 ASPAS - X2,,$46.000,,
VENTILADOR,🌀,VENTILADOR DE PIE 18 PULGADAS MOX MO-V851 / CAJA X 2 UNIDAD,,$58.000,,
VENTILADOR,🌀,VENTILADOR DE PIE CALIDEX - CAJA X 4 UNIDAD - 5 ASPAS,,$145.000,,
VENTILADOR,🌀,VENTILADOR DE PIE HDK 18 PULGADAS - CAJA X 3 - 3 ALETAS - METALICO,,$91.000,,
VENTILADOR,🌀,VENTILADOR DE PIE HDK 18 PULGADAS - CAJA X 3 - 5 ALETAS - METALICO,,$91.000,,
VENTILADOR,🌀,VENTILADOR DE PIE HDK CON TEMPORIZADOR - 20 PULGADAS - MOTOR SILENCIOSO - 3 VELOCIDADES - NEGRO,,$126.000,,
VENTILADOR,🌀,VENTILADOR DE PIE MEGASTAR CAJA *4 - METALICO - 18 PULGADAS,,$91.000,,
VENTILADOR,🌀,VENTILADOR DE PIE18` - MARCA OIKO- 3 ASPAS - METAL,,$68.000,,
VENTILADOR,🌀,VENTILADOR DE PISO TURBO 20 PULGADAS - BIONICA - RT150349,,$65.000,,
VENTILADOR,🌀,VENTILADOR DE TECHO - LUXEP - 56 - 3 NIVELES - MOTOR LIVIANO / CAJA X 3 UNIDAD,,$68.000,,
VENTILADOR,🌀,VENTILADOR DE TECHO - VENTOS - 56` MOTO LIVIANO / CAJA X 3 UNIDAD,,$116.000,,
VENTILADOR,🌀,VENTILADOR DE TECHO - VENTOS - 56` MOTOR PESADO / CAJA X 3 UNIDAD / VN-002,,$139.000,,
VENTILADOR,🌀,VENTILADOR DE TECHO HDK - CON LUZ LED - COD 706 / CAJA X 3 UNIDAD,,$162.000,,
VENTILADOR,🌀,VENTILADOR DE TECHO HDK - SIN LUZ - COD 703 / CAJA X 3 UNIDAD,,$149.000,,
VENTILADOR,🌀,VENTILADOR DE TECHO MOTOR PESADO WAHSON 7 VELOCIDADES 56 - *POR UNIDAD*,,$162.000,,
VENTILADOR,🌀,VENTILADOR DE TECHO MOX / MO-V560 / CAJA X 3 UNIDAD,,$110.000,,
VENTILADOR,🌀,VENTILADOR DE TECHO TROPICAL 52 PULGADAS MARYLAND MR-880 / CON CONTROL REMOTO Y LUZ / 1 UNIDAD,,$297.000,,
VENTILADOR,🌀,VENTILADOR TURBO 16 PULGADAS - VENTOS - 5 ASPAS - 3 VELOCIDAD - IV16,,$58.000,,
VENTILADOR,🌀,VENTILADOR TURBO 20 PULGADAS - 3 ASPAS - VENTOS - 3 VELOCIDADES - IV20,,$81.000,,
VASOS TERMICOS,🥤,VASO CHOPERA MOX / MO-720 / 720 ML - BLANCO,,$20.000,,
VASOS TERMICOS,🥤,VASO CHOPERA MOX / MO-720 / 720 ML - NEGRO,,$20.000,,
VASOS TERMICOS,🥤,VASO CHOPERA MOX / MO-720 / 720 ML - ROJO,,$20.000,,
VASOS TERMICOS,🥤,VASO CHOPERA MOX / MO-720 / 720 ML - ROSA,,$20.000,,
VASOS TERMICOS,🥤,VASO CHOPERA MOX / MO-720 / 720 ML - VERDE,,$20.000,,
VASOS TERMICOS,🥤,VASO TERMICO ANNECY 500 ML - EDICION PARAGUAY - AZUL,,$26.000,,
VASOS TERMICOS,🥤,VASO TERMICO ANNECY 500 ML - EDICION PARAGUAY - ROJO Y BLANCO,,$26.000,,
VASOS TERMICOS,🥤,VASO TERMICO CON PAJITA ANNECY 500 ML - EDICION PARAGUAY - ROJO Y BLANCO,,$26.000,,
VASOS TERMICOS,🥤,VASO TERMICO MOX MO-V600 - 600 ML CON ABRIDOR - BLANCO,,$20.000,,
VASOS TERMICOS,🥤,VASO TERMICO MOX MO-V600 - 600 ML CON ABRIDOR - ROJO,,$20.000,,
VASOS TERMICOS,🥤,VASO TERMICO MOX MO-V600 - 600 ML CON ABRIDOR - ROSA,,$20.000,,
VARIOS,🔹,Arrancador Portátil para Veículos Xion XI-POWER2 Inicializador Multifuncional,,$94.000,,
VARIOS,🧺,ASPIRADORA PORT. MOX MO-CV02 BIVOLT,,$26.000,,
VARIOS,🔊,CAJA DE SONIDO Som Bose Soundlink Micro Bluetooth - NEGRO,,$329.000,,
VARIOS,💻,CAJA PARA DINERO FTX - 5 DIVISORIAS - LAS-405 - ACERO RJ11/5B/5M/ 1R / 405 MM X 420 MM X 100 MM,,$116.000,,
VARIOS,🧮,Calculadora Truly - 12 DIGITOS - GRANDE...,,$36.000,,
VARIOS,🧮,CALCULADORA TRULY 836-12,,$23.000,,
VARIOS,🧮,CALCULADORA TRULY 836A-12 / MEDIANO,,$29.000,,
VARIOS,🔹,CARRITO PLEGABLE UNIQUE RC-9C,,$87.000,,
VARIOS,🔹,ENCENDEDOR DE CARBON MEGASTAR AR1000 4000W/2T 220V,,$71.000,,
VARIOS,🔹,Estuche,,$0,,
VARIOS,🎮,Gamepad S10 con 520 juegos Integrados,,$33.000,,
VARIOS,👓,LENTE DE REALIDAD Virtual Oculus Meta Quest 3S 128 GB,,$809.000,,
VARIOS,🍹,LICUADORA MOX MO-LC63 1.5L 450 W 220V VIDRIO,,$33.000,,
VARIOS,🍹,LICUADORA MOX MO-LC64 1.5L 220V VIDRIO,,$42.000,,
VARIOS,📱,MINI CELULAR 17 PRO MAX 8 / 512 GB -,,$213.000,,
VARIOS,🔹,STRETCH - 4 KILOS - NEGRO,,$49.000,,
VARIOS,🔹,STRETCH - 4 KILOS - TRANSPARENTE,,$36.000,,
VARIOS,🔹,Sujetadores para cell,,$0,,
VARIOS,🔹,TIMBRE QUANTA QTCW05,,$29.000,,
VAPE,🔋,BATERIA PARA VAPER LIFE POD,,$13.000,,
VAPE,💨,KIT - Vaper LIFE POD ECO II CARTRIDGE BLACKBERRY ICE -,,$26.000,,
VAPE,💨,Vape Descartavel Black Sheep 20000 Puffs com 5% Nicotina - GRAPE / STRAWBERRY BANANA,,$33.000,,
VAPE,💨,Vape Descartavel Black Sheep 20000 Puffs com 5% Nicotina - Menthol Watermelon / Green Apple,,$33.000,,
VAPE,💨,Vape Descartavel Black Sheep 30000 Puffs com 5% Nicotina - GRAPE / STRAWBERRY BANANA,,$33.000,,
VAPE,💨,Vaper Descartável Elfbar TE30K Açai Banana Ice 30000 Puffs,,$26.000,,
VAPE,💨,Vaper Descartável Elfbar TE30K Dragon Strawnana 30000 Puffs,,$29.000,,
VAPE,💨,Vaper Descartável Elfbar TE30K Green Apple Ice 30000 Puffs,,$29.000,,
VAPE,💨,Vaper Descartável Ignite V250 Banana Ice 25000 Puffs,,$29.000,,
VAPE,💨,Vaper Descartável Ignite V250 BLACK STRAWBERRY ICE,,$29.000,,
VAPE,💨,Vaper Descartável IGNITE V250 Green Apple 25000 Puffs,,$29.000,,
VAPE,💨,Vaper Descartável Ignite V250 Icy Mint 25000 Puffs,,$29.000,,
VAPE,💨,Vaper Descartável Ignite V250 Menthol 25000 Puffs,,$29.000,,
VAPE,💨,Vaper Descartável IGNITE V250 Minty Melon 25000 Puffs,,$29.000,,
VAPE,💨,Vaper Descartável Ignite V250 Strawberry Banana 25000 Puffs,,$29.000,,
VAPE,💨,Vaper Descartável Ignite V250 Watermelon Ice 25000 Puffs,,$29.000,,
VAPE,💨,Vaper Descartável Ignite V300 Black Banana Ice 30000 Puffs,,$29.000,,
VAPE,💨,Vaper Descartável The Black Sheep Blueberry + Blue Razz Lemonade 20000 Puffs,,$33.000,,
VAPE,💨,Vaper Descartável The Black Sheep Sour Green Apple + Blueberry Grape 30000 Puffs,,$33.000,,
VAPE,💨,Vaper Descartável The Black Sheep Strawberry Banana + Pineapple Coconut 30000 Puffs,,$29.000,,
VAPE,💨,Vaper LIFE POD ECO II CARTRIDGE - BANANA CUSTARD - REPUESTO,,$23.000,,
VAPE,💨,Vaper LIFE POD ECO II CARTRIDGE BANANA ICE - REPUESTO,,$23.000,,
VAPE,💨,Vaper LIFE POD ECO II CARTRIDGE BLUE PASSION MINT - REPUESTO,,$23.000,,
VAPE,💨,Vaper LIFE POD ECO II CARTRIDGE BLUE RAZZ - REPUESTO,,$23.000,,
VAPE,💨,Vaper LIFE POD ECO II CARTRIDGE BLUEBERRY MINT - REPUESTO,,$23.000,,
VAPE,💨,Vaper LIFE POD ECO II CARTRIDGE BLUEBERRY STRAWBERRY- REPUESTO,,$23.000,,
VAPE,💨,Vaper LIFE POD ECO II CARTRIDGE BLUEBERRY WATERMELON - REPUESTO,,$23.000,,
VAPE,💨,Vaper LIFE POD ECO II CARTRIDGE CANDY ICE - REPUESTO,,$23.000,,
VAPE,💨,Vaper LIFE POD ECO II CARTRIDGE COCONUT WATER ICE - REPUESTO,,$23.000,,
VAPE,💨,Vaper LIFE POD ECO II CARTRIDGE GREEN APPLE - REPUESTO,,$23.000,,
VAPE,💨,Vaper LIFE POD ECO II CARTRIDGE GREEN GRAPE ICE - REPUESTO,,$23.000,,
VAPE,💨,Vaper LIFE POD ECO II CARTRIDGE MENTHOL - REPUESTO,,$23.000,,
VAPE,💨,Vaper LIFE POD ECO II CARTRIDGE WATERMELON BUBBLEGUM - REPUESTO,,$23.000,,
UPS,⚡,UPS FTX - 220V - 1200VA - 720W,,$178.000,,
UPS,⚡,UPS FTX - 220V - 1500VA - 900W,,$210.000,,
UPS,⚡,UPS FTX 220V - 600 VA - 360W,,$87.000,,
UPS,⚡,UPS FTX 220V - 800VA - 480W,,$110.000,,
TV BOX,📽️,Adaptador para Streaming Amazon Fire TV Stick Max 2ND Gen 4K Ultra HD,,$104.000,,
TV BOX,📽️,Amazon Fire TV STICK 3TH ... 4K,,$91.000,,
TV BOX,📽️,Amazon Fire TV STICK 3TH ... HD,,$78.000,,
TV BOX,📽️,Amazon Fire TV Stick 4K Select,,$75.000,,
TV BOX,📽️,TV BOX - MARCA LUO,,$29.000,,
TRAMONTINA,💾,TRAMONTINA JUEGO DE CUBIERTOS P/ ASADO - 3 PIEZAS C/ TABLA DE PICAR CARNE - 8 PULGADAS,,$71.000,,
TRAMONTINA,💾,TRAMONTINA JUEGO DE CUBIERTOS P/ ASADO JUMBO 12 PIEZAS,,$58.000,,
TRAMONTINA,💾,TRAMONTINA JUEGO DE OLLA TURIN 12 PIEZAS - *ROSA*,,$152.000,,
TRAMONTINA,💾,TRAMONTINA JUEGO DE OLLA TURIN 12 PIEZAS - *TURQUESA*,,$152.000,,
TRAMONTINA,💾,TRAMONTINA JUEGO DE OLLA TURIN 7 PIEZAS - NEGRO,,$100.000,,
TRAMONTINA,💾,TRAMONTINA JUEGO DE OLLA TURIN 7 PIEZAS - ROJO,,$100.000,,
TRAMONTINA,💾,TRAMONTINA JUEGO DE OLLA TURIN 7 PIEZAS - TURQUESA,,$100.000,,
TRAMONTINA,💾,TRAMONTINA JUEGO DE OLLAS X 10 PIEZAS PARIS BORDO CAJA GRANDE,,$207.000,,
TOMA PRESION Y NEBULIZADOR,🔹,NEBULIZADOR PORTATIL MEGA STAR MY126A,,$75.000,,
TERMO AGUA FRIA / CALIENTE,🍶,TERMO AGUA CALIENTE INOX MO-T102 - 1 LITROS C/ GUAMPA - BLANCO,,$23.000,,
TERMO AGUA FRIA / CALIENTE,🍶,TERMO AGUA CALIENTE INOX MO-T102 - 1 LITROS C/ GUAMPA - GRIS,,$23.000,,
TERMO AGUA FRIA / CALIENTE,🍶,TERMO AGUA CALIENTE INOX MO-T102 - 1 LITROS C/ GUAMPA - NEGRO,,$23.000,,
TERMO AGUA FRIA / CALIENTE,🍶,TERMO AGUA CALIENTE INOX MO-T102 - 1 LITROS C/ GUAMPA - ROSA,,$23.000,,
TERMO AGUA FRIA / CALIENTE,🍶,TERMO AGUA CALIENTE INOX MO-T102 - 1 LITROS C/ GUAMPA - TURQUESA,,$23.000,,
TERMO AGUA FRIA / CALIENTE,🍶,TERMO AGUA CALIENTE INOX MO-T102 - 1 LITROS C/ GUAMPA - VERDE,,$23.000,,
TERMO AGUA FRIA / CALIENTE,🍶,TERMO INOX + GUAMPA MOX MO-T105 - AZUL,,$20.000,,
TERMO AGUA FRIA / CALIENTE,🍶,TERMO INOX + GUAMPA MOX MO-T105 - BLANCO,,$20.000,,
TERMO AGUA FRIA / CALIENTE,🍶,TERMO INOX + GUAMPA MOX MO-T105 - BORDO,,$20.000,,
TERMO AGUA FRIA / CALIENTE,🍶,TERMO INOX + GUAMPA MOX MO-T105 - NEGRO,,$20.000,,
TERMO AGUA FRIA / CALIENTE,🍶,TERMO INOX + GUAMPA MOX MO-T105 - ROSA,,$20.000,,
TERMO AGUA FRIA / CALIENTE,🍶,TERMO INOX + GUAMPA MOX MO-T105 - TURQUESA,,$20.000,,
TERMO AGUA FRIA / CALIENTE,🍶,TERMO INOX + GUAMPA MOX MO-T105 - VERDE,,$20.000,,
TERMO AGUA FRIA / CALIENTE,🍶,TERMO INOX + GUAMPA MOX MO-T105 - VIOLETA,,$20.000,,
TERMO AGUA FRIA / CALIENTE,🍶,TERMO INOX MOX - MO-T103 - 3 LITORS,,$26.000,,
TERMO AGUA FRIA / CALIENTE,🍶,TERMO INOX MOX MO-T101 1 LITRO INOX,,$13.000,,
TELEVISORES SMART,📺,MUEBLE CON SOPORTE PÁRA TV CON RUEDITAS 32 A 55 PULGADAS,,$107.000,,
TELEVISORES SMART,📺,Smart TV Qled 43 PULGADAS Xiaomi A Pro L43MB-Apph (2026) 4K Ultra HD Google TV Wi-Fi/Bluetooth com Conversor Digital,,$535.000,,
TELEVISORES SMART,📺,TV SMART 100 PULGADAS MARCA FAMA QLED TVF-100QLT + GOOGLE TV,,$2.976.000,,
TELEVISORES SMART,📺,TV SMART 100 PULGADAS MARCA MARSON MINI LED- 4K - HDR -WEBOS- MWQ100,,$3.101.000,,
TELEVISORES SMART,📺,TV SMART 100 PULGADAS MARCA MARSON WEBOS OS 4K -,,$2.886.000,,
TELEVISORES SMART,📺,TV SMART 32 PULGADAS MARCA MARSON - MAS32,,$197.000,,
TELEVISORES SMART,📺,TV SMART 32 PULGADAS MARCA AUDISAT,,$219.000,,
TELEVISORES SMART,📺,TV SMART 32 PULGADAS MARCA XIAOMI - L32M8-P2PH- + GOOGLE TV,,$265.000,,
TELEVISORES SMART,📺,TV SMART 40 PULGADAS MARCA FTX - FTX40FHD4V1 FHD DIG/2HDMI/2USB/RED/ ANDROID 14,,$281.000,,
TELEVISORES SMART,📺,TV SMART 40 PULGADAS MARCA AIWA + GOOGLE TV / AW40B4SFG,,$355.000,,
TELEVISORES SMART,📺,TV SMART 40 PULGADAS MARCA AUDISAT QLED AD-40Q - ANDROID FULL HD,,$323.000,,
TELEVISORES SMART,📺,TV SMART 40 PULGADAS MARCA JVC FHD LT-40N5165U OPT/DIG/BT/3HDMI/2USB,,$332.000,,
TELEVISORES SMART,📺,TV SMART 42 PULGADAS MARCA AUDISAT,,$313.000,,
TELEVISORES SMART,📺,TV SMART 42 PULGADAS MARCA FTX42FHD2V1 - ANDROID 14 / 112549,,$323.000,,
TELEVISORES SMART,📺,TV SMART 43 PULGADAS - AIWA + GOOGLE TV / AW-43B4SMFL,,$351.000,,
TELEVISORES SMART,📺,TV SMART 43 PULGADAS MARCA AUDISAT Qled AD-43Q (2026) Full HD Android TV Wi-Fi com Conversor Digital,,$368.000,,
TELEVISORES SMART,📺,TV SMART 43 PULGADAS MARCA HAIER LED FHD HK43K85FFX GOOGLE TV EX,,$339.000,,
TELEVISORES SMART,📺,TV SMART 43 PULGADAS MARCA HISENSE - A4K,,$348.000,,
TELEVISORES SMART,📺,TV SMART 43 PULGADAS MARCA IFFALCON + GOOGLE TV - 43S55,,$335.000,,
TELEVISORES SMART,📺,TV SMART 43 PULGADAS MARCA JVC FHD + GOOGLE TV / LT43KM348,,$361.000,,
TELEVISORES SMART,📺,TV SMART 43 PULGADAS MARCA LG - 43LM6370PSB FHD,,$413.000,,
TELEVISORES SMART,📺,TV SMART 43 PULGADAS MARCA QUANTA - ANDROID 14 - QTATV43,,$326.000,,
TELEVISORES SMART,📺,TV SMART 50 PULGADAS MARCA FTX / FTX50UHD4V1 / 4K,,$490.000,,
TELEVISORES SMART,📺,TV SMART 50 PULGADAS MARCA MARSON - MAS50,,$455.000,,
TELEVISORES SMART,📺,TV SMART 50 PULGADAS MARCA AUDISAT - ANDROID,,$503.000,,
TELEVISORES SMART,📺,TV SMART 50 PULGADAS MARCA JVC UHD 4K LT-50N7165U UHD//OPT/DIG/3HD,,$525.000,,
TELEVISORES SMART,📺,TV SMART 50 PULGADAS MARCA XIAOMI A SERIES LED L50MB ULTRA HD - 4K,,$596.000,,
TELEVISORES SMART,📺,TV SMART 55 PULGADAS MARCA MARSON - SIST. WEBOS OS - 4K MWB55,,$567.000,,
TELEVISORES SMART,📺,TV SMART 55 PULGADAS MARCA ANNECY - ANDROID 14 - 4K GOOGLE TV 3.0 TVD - DOLBY SYSTEM REF. TVSM-55,,$535.000,,
TELEVISORES SMART,📺,TV SMART 55 PULGADAS MARCA AUDISAT - ANDROID,,$516.000,,
TELEVISORES SMART,📺,TV SMART 55 PULGADAS MARCA DAYO C/ ANDROID,,$490.000,,
TELEVISORES SMART,📺,TV SMART 55 PULGADAS MARCA MARSON MR-GS055 + GOOGLE TV,,$561.000,,
TELEVISORES SMART,📺,TV SMART 55 PULGADAS MARCA TCL - 4K + GOOGLE TV,,$632.000,,
TELEVISORES SMART,📺,TV SMART 55 PULGADAS MARCA XIAOMI L55MB-APPH (2026) 4K ULTRA HD GOOGLE TV Wi-Fi BLUETOOH com C,,$673.000,,
TELEVISORES SMART,📺,TV SMART 55 PULGADAS MARCA XIAOMI QLED A PRO 55 2026 4K GOOGLE TV Wi-Fi - (L55MB-APPH),,$722.000,,
TELEVISORES SMART,📺,TV SMART 55 PULGADAS MARCA XIAOMI S PRO MINI QD-MINI LED L55MB-SPH (2026) ULTRA HD 4K,,$912.000,,
TELEVISORES SMART,📺,TV SMART 58 PULGADAS - MARCA AIWA + GOOGLE TV / AW58B2Q,,$706.000,,
TELEVISORES SMART,📺,TV SMART 60 PULGADAS MARCA MARSON MAS60W - WHALE TV,,$632.000,,
TELEVISORES SMART,📺,TV SMART 65 PULGADAS MARCA AIWA + GOOGLE TV / AW65B4QFG,,$883.000,,
TELEVISORES SMART,📺,TV SMART 65 PULGADAS MARCA ALTECH - 650V6-F2,,$735.000,,
TELEVISORES SMART,📺,TV SMART 65 PULGADAS MARCA AUDISAT - AD-65Q - 4K - QLED -,,$854.000,,
TELEVISORES SMART,📺,TV SMART 65 PULGADAS MARCA JVC - LT-65NQ7165U - 4K UHD/QLED/OPT/DIG/BT -,,$876.000,,
TELEVISORES SMART,📺,TV SMART 65 PULGADAS MARCA LG - NANO80ASA 4K WEBOS,,$1.263.000,,
TELEVISORES SMART,📺,TV SMART 65 PULGADAS MARCA XIAOMI A PRO - QLED L65MB-APPH (2026) 4K ULTRA HD GOOGLE TV Wi-Fi/BLUETOO,,$986.000,,
TELEVISORES SMART,📺,TV SMART 65 PULGADAS MARCA XIAOMI L65MB-APPH (2026) ULTRA HD - 4K..,,$957.000,,
TELEVISORES SMART,📺,TV SMART 70 PULGADAS MARCA AIWA + GOOGLE TV / AW70B4QFG,,$1.089.000,,
TELEVISORES SMART,📺,TV SMART 70 PULGADAS MARCA SAMSUNG QLED 4K Q65D SMART QN70Q65DAPXPA,,$1.575.000,,
TELEVISORES SMART,📺,TV SMART 70 PULGADAS MARCA SAMSUNG UHD 4K CRYSTAL UN70DU7000PXPA,,$1.153.000,,
TELEVISORES SMART,📺,TV SMART 75 PULGADAS LED - AIWA + GOOGLE TV / AW75B4K,,$1.369.000,,
TELEVISORES SMART,📺,TV SMART 75 PULGADAS MARCA JVC QLED LT-75NQ7165U 4K UHD/QLED/QPT/DIG/BT/3HDMI/,,$1.221.000,,
TELEVISORES SMART,📺,TV SMART 75 PULGADAS MARCA LG NANO80ASA 4K WEBOS,,$1.855.000,,
TELEVISORES SMART,📺,TV SMART 75 PULGADAS MARCA MARSON WEBOS OS 4K - MWB75,,$1.079.000,,
TELEVISORES SMART,📺,TV SMART 75 PULGADAS MARCA MTEK QLED MKQ75FSGU ULTRA HD 75 PULGADAS - 4K,,$1.202.000,,
TELEVISORES SMART,📺,TV SMART 75 PULGADAS MARCA SAMSUNG UHD CRYSTAL UN75U8000FPXPA,,$1.395.000,,
TELEVISORES SMART,📺,TV SMART 75 PULGADAS MARCA XIAOMI A PRO QLED L75MB-APPH (2026) Ultra HD,,$1.491.000,,
TELEVISORES SMART,📺,TV SMART 75 PULGADAS MARCA XION WHALE TV 4K UHD,,$1.024.000,,
TELEVISORES SMART,📺,TV SMART 85 PULGADAS MARCA JVC QD-MINI LED LT-85KM958 Ultra HD - 4K,,$1.900.000,,
TELEVISORES SMART,📺,TV SMART 85 PULGADAS MARCA MARSON - 4K - HDR - WEB OS - MWB85 - MR-GS085,,$1.395.000,,
TELEVISORES SMART,📺,TV SMART 85 PULGADAS MARCA MARSON MINI LED - WEBOS OS 4K - MWQ85,,$1.540.000,,
TELEVISORES SMART,📺,TV SMART 85 PULGADAS MARCA SAMSUNG CRYSTAL UN85U8000FGXPR,,$1.942.000,,
TELEVISORES SMART,📽️,TV SMART 85 PULGADAS MARCA TOKYO LED 4K FRAMELESS C/ CHROMECAST + BARRA DE SONIDO C/ SUBWOOFER,,$1.733.000,,
TELEVISORES SMART,📺,TV SMART MOX 32 PULGADAS + ANDROID 14,,$190.000,,
TELEVISORES SMART,📺,TV SMART MOX 55 PULGADAS MO-755UHD / SIN BORDE,,$464.000,,
TECNO SPARK,🔊,CELULAR TECNO SPARK GO 3 KN3 4 GB RAM 128 GB - 4G,,$271.000,,
TECNO SPARK,📱,TECNO SPARK 30 PRO - KL7 - 8 / 256 GB,,$284.000,,
TECNO SPARK,📱,TECNO SPARK 30C KL5 4 128 GB,,$203.000,,
TECNO SPARK,📱,TECNO SPARK GO 1 - 4 / 128 GB,,$200.000,,
TECNO SPARK,📱,TECNO SPARK GO 1S - 3 / 64 GB,,$155.000,,
TABLETS,📲,LECTOR DE LIBROS - E-Books Amazon Kindle 11ª Geração 16GB 6.0 PULGADAS,,$245.000,,
TABLETS,📲,Pencil 4LIFE Wireless Active Stylus Pen Flipcw com Bluetooth para iPad Mini/iPad/iPad Air/iPad Pro,,$42.000,,
TABLETS,📲,"TABLET A9 X110 8,7` 4 64 GB WIFI",,$239.000,,
TABLETS,📲,Tablet Black Shark Pad 7 4G 128GB/6GB Ram de 11 PULGADAS 13MP/5MP + ESTUCHE,,$255.000,,
TABLETS,📲,Tablet Black Shark Pad 7 Pro 4G 256GB/6GB Ram de 11 PULGADAS 13+2MP/8MP + ESTUCHE,,$335.000,,
TABLETS,📲,Tablet Blackview Link 2 128GB/4GB Ram de 8.68 PULGADAS 8MP/5MP + ESTUCHE,,$174.000,,
TABLETS,📲,Tablet Blackview Link 8 256GB / 6GB Ram de 12.7 PULGADAS 16+2MP/13MP + TECLADO + MOUSE + ESTUCHE,,$419.000,,
TABLETS,📲,Tablet Blackview Mega 2 Wi-Fi 12 / 256GB de 12 PULGADAS 16/8MP,,$306.000,,
TABLETS,📲,Tablet Blackview Tab 20 Kids 64GB/4GB Ram de 10.1 PULGADAS 8MP/5MP + ESTUCHE,,$162.000,,
TABLETS,📲,Tablet Blackview Tab 50 Kids 64GB 3GB RAM de 8` 2MP + Capinha Bubbly Blue,,$126.000,,
TABLETS,📲,Tablet Blackview Tab 60 Pro 4G 128GB/8GB Ram de 10.1 pulgadas 8MP/5MP + Teclado Inglês + Estuche,,$239.000,,
TABLETS,📲,Tablet Blackview Tab 9 Wi-Fi 8+16 / 256GB 10.95 PULGADAS 8MP/13MP,,$255.000,,
TABLETS,📲,Tablet Blackview Tab A6 Kids 128GB 10.1 PULGADAS,,$190.000,,
TABLETS,📲,Tablet Blackview Zeno 10 5G 256GB/6GB Ram de 11 PULGADAS 16MP/13MP + Teclado INGLES + ESTUCHE,,$419.000,,
TABLETS,📲,Tablet C Idea CM10000 Plus Kids 5G 10.1 PULGADAS 8GB/1TB + ESTUCHE,,$162.000,,
TABLETS,📲,Tablet C Idea CM517 Air - 8/256GB - Wi-Fi + Sim - Bluetooth - 7 PULGADAS,,$116.000,,
TABLETS,📲,Tablet C Idea CM817 Air 8 PULGADAS Wifi 3G 512 GB + ESTUCHE+Teclado+Mouse+CARGADOR,,$123.000,,
TABLETS,📲,Tablet C Idea CM8300 Plus - 8/1TB - Wi-Fi - 10 PULGADAS,,$178.000,,
TABLETS,📲,Tablet C Idea CM89 Kids Tela 7 PULGADAS Wifi 256GB 8GB Ram,,$87.000,,
TABLETS,📲,Tablet Doogee G6 Pro Vip Edition 4G 128GB/8GB Ram de 12 PULGADAS 13MP/8MP + TECLADO + ESTUCHE,,$252.000,,
TABLETS,📲,Tablet Doogee T10W 4G 128GB/4GB Ram de 10.1 PULGADAS 5MP/2MP + Teclado + ESTUCHE,,$213.000,,
TABLETS,📲,Tablet Doogee Tab A9 Vip Edition Agile 64GB/3GB Ram de 10.1 PULGADAS 8MP/5MP+Teclado+ESTUCHE,,$190.000,,
TABLETS,📲,Tablet Doogee Tab E3 4G 256GB/8GB Ram de 11 PULGADAS 13MP/5MP,,,,
TABLETS,📲,"TABLET HONORPAD X8A 4 / 128 GB 11,5",,$284.000,,
TABLETS,📲,Tablet Ipro SPEED 4. 32 GB WIFI - 4G,,$81.000,,
TABLETS,📲,TABLET KIDS QC/64GB/4G/ 7 PULGADAS / NEGRO ROSA MINNIE NB628 DISNEY,,$168.000,,
TABLETS,📲,TABLET KIDS QC/64GB/4G/ 7 PULGADAS / ROSA PAW PATROL SKYE NB631 DISNEY,,$168.000,,
TABLETS,📲,TABLET KIDS QC/64GB/4G/ 7 PULGADAS / ROSA PRINCESAS NB624 DISNEY,,$168.000,,
TABLETS,📲,Tablet Lenovo Idea Tab TB336ZU 11 PULGADAS Lte Wi-Fi 128 GB - TECLADO + ESTUCHE,,$554.000,,
TABLETS,📲,Tablet Samsung Galaxy Tab A11 SM-X133 64GB/4GB Ram de 8.7 PULGADAS 8MP/5MP,,$252.000,,
TABLETS,📲,Tablet Samsung Galaxy Tab A11+ SM-X230 128GB/6GB Ram de 11 PULGADAS 8MP/5MP,,$432.000,,
TABLETS,📲,Tablet Samsung Galaxy Tab A11+ SM-X230 256GB/8GB Ram de 11 PULGADAS 8MP/5MP,,$548.000,,
TABLETS,📲,Tablet Samsung Galaxy Tab A9 SM-X115 4G 64GB/4GB Ram de 8.7 PULGADAS 8MP/2MP,,$261.000,,
TABLETS,📲,Tablet Samsung Galaxy Tab S10 FE SM-X520 128GB 10.9 PULGADAS,,$699.000,,
TABLETS,📲,Tablet Samsung Galaxy Tab S10 Lite SM-X400 128GB/6GB Ram de 10.9 PULGADAS- 8MP/5MP,,$574.000,,
TABLETS,📲,Tablet Samsung Galaxy Tab S6 Lite SM-P620 4 / 128GB 10.4,,$464.000,,
TABLETS,📲,Tablet Samsung Galaxy Tab S9 FE+ SM-X610 128GB 12.4 PULGADAS - GRAY,,$683.000,,
TABLETS,📲,Tablet Samsung Galaxy Tab S9 FE+ SM-X610 128GB 12.4 PULGADAS - VERDE,,$683.000,,
TABLETS,📲,Tablet Samsung Tab A11 X135 Wifi 4 / 64GB 4G Lte,,$281.000,,
TABLETS,📲,TABLET SAMSUNG X210 A9+ 11.0` 4 - 64 GB,,$342.000,,
TABLETS,📲,Tablet Xiaomi Pad 2 Pro Wi-Fi 6 / 128 GB 12.1 PULGADAS,,$458.000,,
TABLETS,📲,Tablet Xiaomi Pad 2 Pro Wi-Fi 8 / 256GB 12.1 PULGADAS,,$548.000,,
TABLETS,📲,Tablet Xiaomi Pad 7 - 8 / 256 GB - Wi-Fi - 11.2 PULGADAS,,$558.000,,
TABLETS,📲,Tablet Xiaomi Pad 7 - 8/128GB - Wi-Fi - 11.2 PULGADAS,,$506.000,,
TABLETS,📲,Tablet Xiaomi Pad 7 Pro 256GB/8GB Ram de 11.2 PULGADAS 50MP/32MP,,$847.000,,
TABLETS,📲,Tablet Xiaomi Pad 8 256GB/8GB Ram de 11.2 PULGADAS,,$735.000,,
TABLETS,📲,"TABLET XIAOMI PAD SE - 8,7 PULGADAS - 4 / 128 GB - 4G",,$255.000,,
TABLETS,📲,Tablet Xiaomi Poco Pad M1 8 / 256GB 12.1 PULGADAS,,$461.000,,
TABLETS,📲,Tablet Xiaomi Redmi Pad 2 64GB/4GB Ram de 9.7 PULGADAS 8MP/5MP,,$274.000,,
TABLETS,📲,Tablet Xiaomi Redmi Pad 2 - 4 /128GB 11 PULGADAS,,$316.000,,
TABLETS,📲,Tablet Xiaomi Redmi Pad 2 - 8 / 256GB 11 PULGADAS,,$384.000,,
TABLETS,📲,Tablet Xiaomi Redmi Pad 2 128GB/4GB Ram de 9.7 PULGADAS 8MP/5MP,,$287.000,,
TABLETS,📲,Tablet Xiaomi Redmi Pad Pro 6 / 128GB 12.1 PULGADAS,,$429.000,,
TABLETS,📲,"TECLADO BT FTX P/ TABLET, PC, TV - FTXB09",,$39.000,,
STARLINK,🌐,Carregador de Auto Link-It para Router Starlink 5 Metros,,$75.000,,
STARLINK,🌐,Roteador Wireless Starlink Standard Kit V4 Tri Band,,$702.000,,
STARLINK,🌐,ROTEADOR WIRELESS STARLINK STANDARD MINI KIT (02535012-501) Tri Band,,$442.000,,
STARLINK,🌐,ROTEADOR WIRELESS STARLINK STANDARD MINI X -,,$451.000,,
Stanley,🥤,AEROLIGHT FLIP 1.06 LITROS - AZUL NAVY - 111072,,$107.000,,
Stanley,🥤,AEROLIGHT FLIP 1.06 LITROS - AZURE TIPO CELESTE - 111070,,$107.000,,
Stanley,🥤,AEROLIGHT FLIP 1.06 LITROS - LILA -111069,,$107.000,,
Stanley,🥤,AEROLIGHT FLIP 1.06 LITROS - NEGRO - 111076,,$107.000,,
Stanley,🥤,AEROLIGHT FLIP 710 ML - FUCSIA CON TAPA NARANJA - 6939,,$94.000,,
Stanley,🥤,AEROLIGHT FLIP 710 ML - ROJO CHILI - 6960,,$94.000,,
Stanley,🥤,AEROLIGHT FLIP 710 ML - ROSA CON TAPA VERDE - 6984,,$94.000,,
Stanley,🧉,Bombilla stanley - NEGRO - 2002,,$42.000,,
Stanley,🧉,Bombilla stanley - VERDE - 71,,$36.000,,
Stanley,🧉,BOTELA PARA AGUA Flip Go BOTTLE 709 ML - BLANCO / FROST - 129,,$81.000,,
Stanley,🧉,BOTELA PARA AGUA Flip Go BOTTLE 709 ML - LILA - 130,,$81.000,,
Stanley,🧉,BOTELA PARA AGUA Flip Go BOTTLE 709 ML - ROSADO - 128,,$81.000,,
Stanley,🥤,BOTELLA 590 ML NEGRO,,$100.000,,
Stanley,🥤,BOTELLA ACTIVATE SHAKER 591 ML - CHALK 09,,$126.000,,
Stanley,🥤,BOTELLA ACTIVATE SHAKER 591 ML - TWILIGHT 08,,$126.000,,
Stanley,🥤,BOTELLA PARA AGUA AEROLIGHT - 1.06 LITROS - LILA - 953394,,$113.000,,
Stanley,🥤,BOTELLA PARA AGUA AEROLIGHT - 1.06 LITROS - NAVY AZUL - 953395,,$100.000,,
Stanley,🥤,BOTELLA TRANSIT AEROLIGHT 354 ML ASH ` GRIS` - 948952,,$78.000,,
Stanley,🥤,BOTELLA TRANSIT AEROLIGHT 354 ML LILA - 948983,,$78.000,,
Stanley,🥤,BOTELLA TRANSIT AEROLIGHT 354 ML NEGRO - 947221,,$78.000,,
Stanley,🥤,BOTELLA TRANSIT AEROLIGHT 354 ML ROSE QUARTS ` ROSA` - 948976,,$78.000,,
Stanley,🥤,BOTELLA TRANSIT AEROLIGHT 473 ML ASH ` GRIS` - 45098,,$84.000,,
Stanley,🥤,BOTELLA TRANSIT AEROLIGHT 473 ML CREMA - 951204,,$84.000,,
Stanley,🥤,BOTELLA TRANSIT AEROLIGHT 473 ML NEGRO - 997233,,$84.000,,
Stanley,🥤,BOTELLA TRANSIT AEROLIGHT 473 ML ROSE QUARTZ ` ROSA` - 945104,,$84.000,,
Stanley,🧺,CONSERVADORA STANLEY ADVENTURE 15.1 LITROS - CREMA,,$290.000,,
Stanley,🧺,CONSERVADORA STANLEY ADVENTURE 15.1 LITROS NEGRO,,$274.000,,
Stanley,🧺,CONTENEDOR DE ALIMENTOS STANLEY ADVENTURE 709 ML NEGRO - 1950450,,$136.000,,
Stanley,🥤,COPA COCKTAIL 414 ML NEGRO,,$104.000,,
Stanley,🥤,Flip straw Kids GRIS,,$78.000,,
Stanley,🥤,Flip Straw Tumbler 880 ML GRIS CON TAPA GRIS,,$104.000,,
Stanley,🥤,Flip Straw Tumbler 880 ML LILA CON TAPA LILA,,$104.000,,
Stanley,🥤,Flip Straw Tumbler 880 ml ROSA CHICLE CON TAPA FUCSIA,,$110.000,,
Stanley,🥤,Flip Straw Tumbler 880 ml ROSA CLARO,,$104.000,,
Stanley,🥤,Flip Straw Tumbler 880 ML. AZUL CON TAPA CELESTE,,$104.000,,
Stanley,🥤,Flip Straw Tumbler 880 ML. AZUL MARINO,,$104.000,,
Stanley,🥤,Flip Straw Tumbler 880 ML. CELESTE CON TAPA CELESTE,,$104.000,,
Stanley,🥤,Flip Straw Tumbler 880 ML. Morado con Tapa Rosado,,$100.000,,
Stanley,🥤,Flip Straw Tumbler 880 ML. NEGRO - 141,,$104.000,,
Stanley,🥤,Flip Straw Tumbler 880 Ml. Verde con tapa Verde,,$104.000,,
Stanley,🥤,Flip Straw Tumbler 880ml AZUL CON RAYA Y TAPA AZUL,,$104.000,,
Stanley,🥤,Flip Straw Tumbler 880ml CREMA CON TAPA LILA,,$104.000,,
Stanley,🥤,Flip Straw Tumbler 880ml FUCSIA CON TAPA NARANJA,,$104.000,,
Stanley,🥤,Flip Straw Tumbler 880ml VERDE CLARO CON TAPA AMARILLO,,$104.000,,
Stanley,🥤,Flip Straw Tumbler 880ml VERDE OSCURO CON TAPA VERDE,,$104.000,,
Stanley,🥤,Flip Straw Tumbler 887 ML. AMARILLO POMELO CON TAPA VERDE,,$104.000,,
Stanley,🥤,Flip Straw Tumbler 887 ML. CREMA CON TAPA GRIS,,$104.000,,
Stanley,🥤,FLIP STRAW TUMBLER STANLEY - MESSI THE GOAT - 710 ML - ROSA,,$136.000,,
Stanley,🥤,Flip straw water bottle 650 ML BLANCO,,$81.000,,
Stanley,🥤,GALON FLIP 2.0 - 1.89 LITROS - DRIED PINE -06890,,$139.000,,
Stanley,🥤,GALON FLIP 2.0 - 1.89 LITROS - NEGRO,,$139.000,,
Stanley,🥤,GALON FLIP 2.0 - 1.89 LITROS - TWILIGHT - 06883,,$139.000,,
Stanley,🥤,GOLDEN HOUR PILSNER 443 ML - NARANJA AMARILLO PLATA,,$46.000,,
Stanley,🥤,GOLDEN HOUR PILSNER 443 ML - NEGRO,,$46.000,,
Stanley,🥤,GOLDEN HOUR PILSNER 443 ML - VERDE CON PLATA,,$46.000,,
Stanley,🥤,Hoppy tumbler flip 2.0 - 887 ML - TOAST,,$110.000,,
Stanley,🥤,Hoppy tumbler flip 2.0 - 887 ML - TWILIGHT,,$110.000,,
Stanley,🥤,Hoppy tumbler flip azul 887 ml - 160,,$113.000,,
Stanley,🥤,Hoppy tumbler flip verde diseño 880 ml,,$87.000,,
Stanley,🧉,Matero AZUL,,$75.000,,
Stanley,🧉,Matero blanco,,$62.000,,
Stanley,🧉,Matero Dorado,,$75.000,,
Stanley,🧉,Matero Negro,,$78.000,,
Stanley,🧉,Matero rojo,,$68.000,,
Stanley,🧉,MATERO SILVER / BLANCO / 086,,$75.000,,
Stanley,🧉,MATERO STANLEY - CELESTE- EDICION MESSI 10,,$104.000,,
Stanley,🧉,MATERO STANLEY - MESSI GOAT - COLOR NEGRO 236 ML,,$84.000,,
Stanley,🧉,MATERO STANLEY - MESSI THE GOAT - 236 ML - ROSA,,$78.000,,
Stanley,🧉,MATERO STANLEY - VERDE - EDICION ANTONELLA,,$110.000,,
Stanley,🧉,MATERO TERERE Y MATE 200 ML - COLOR VINO,,$78.000,,
Stanley,🧉,MATERO TERERE Y MATE 200 ML - NEGRO - 995567,,$58.000,,
Stanley,🧉,MATERO TERERE Y MATE 200 ML - ROSADO - 995659,,$58.000,,
Stanley,🧉,MATERO TERERE Y MATE 200 ML - VERDE - 995581,,$58.000,,
Stanley,🥤,Mug Travel tumbler con Pajita 590 ML CORAL,,$78.000,,
Stanley,🥤,Mug Travel Tumbler con pajita 590 ml. VERDE,,$94.000,,
Stanley,🍶,Termo Mate System 800 ML Negro,,$142.000,,
Stanley,🍶,TERMO Stanley 1 LITRO Classic Legendary Bottle Peach Gloss,,$149.000,,
Stanley,🍶,TERMO Stanley 1.4 LITRO Classic Legendary BUFFALO RED / BLACK,,$155.000,,
Stanley,🍶,TERMO STANLEY 1.4 LITROS - CLAY O MARRON,,$136.000,,
Stanley,🍶,TERMO STANLEY 1.4 LITROS - PLUM - 215456,,$158.000,,
Stanley,🍶,TERMO STANLEY 940 ML - HOT CORAL,,$133.000,,
Stanley,🍶,TERMO STANLEY 940 ML CLAY O MARRON,,$136.000,,
Stanley,🍶,TERMO STANLEY 940 ML COLOR GRIS - *SIN MANIJA*,,$120.000,,
Stanley,🍶,TERMO STANLEY 940 ML COLOR GRIS O BLANCO,,$136.000,,
Stanley,🍶,TERMO STANLEY 940 ML COLOR ROSADO - *SIN MANIJA*,,$136.000,,
Stanley,🍶,Termo STANLEY 940 ml negro,,$133.000,,
Stanley,🍶,Termo STANLEY 940 ml Verde,,$136.000,,
Stanley,🍶,TERMO STANLEY ADVENTURE 1 LITRO - NEGRO / GRIS GRAFITO,,$113.000,,
Stanley,🍶,TERMO STANLEY ADVENTURE 1 LITRO - TERRACOTA / BORDO,,$113.000,,
Stanley,🍶,TERMO STANLEY IDEAL MATE SYSTEM 1.2 LITROS - BLANCO,,$168.000,,
Stanley,🍶,TERMO STANLEY IDEAL MATE SYSTEM 1.2 LITROS - COLOR VINO,,$168.000,,
Stanley,🍶,TERMO STANLEY IDEAL MATE SYSTEM 1.2 LITROS - VERDE,,$168.000,,
Stanley,🍶,Termo STANLEY Mate System 1.2 litros Negro,,$165.000,,
Stanley,🍶,Termo STANLEY Mate System 1.2 LITROS - CREAM GLOSS,,$162.000,,
Stanley,🍶,Termo STANLEY Mate System 1.2 litros - MARRON NUDE - 956025,,$168.000,,
Stanley,🍶,Termo STANLEY Mate System 1.2 litros - SILVER,,$168.000,,
Stanley,🍶,TERMO STANLEY MATE SYSTEM 1.2 LITROS ROSADO,,$168.000,,
Stanley,🍶,Termo STANLEY Mate System 1.2 litros VERDE,,$168.000,,
Stanley,🍶,Termo STANLEY Mate System 800 ML - MARRON,,$142.000,,
Stanley,🍶,TERMO STANLEY MATE SYSTEM 800 ML - ROSADO,,$142.000,,
Stanley,🍶,TERMO STANLEY MATE SYSTEM 800 ML - VERDE,,$142.000,,
Stanley,🍶,Termo STANLEY Mate System 800 ML Dorado,,$142.000,,
Stanley,🥤,TRAVEL QUENCHER 1.2 LITROS - MATIZADO AZUL CON MANIJA AZUL,,$107.000,,
Stanley,🥤,TRAVEL QUENCHER 1.2 LITROS - MATIZADO ROSA CON MANIJA VERDE,,$107.000,,
Stanley,🥤,TRAVEL QUENCHER 1.2 LITROS - ROSA CHICLE - 2026,,$104.000,,
Stanley,🥤,Travel quencher 1.2 litros AMARILLO O MOSTAZA,,$91.000,,
Stanley,🥤,Travel quencher 1.2 litros Blanco,,$107.000,,
Stanley,🥤,TRAVEL QUENCHER 1.2 LITROS BLANCO CON FLORES,,$126.000,,
Stanley,🥤,TRAVEL QUENCHER 1.2 LITROS FUCSIA,,$110.000,,
Stanley,🥤,Travel quencher 1.2 litros GRIS - 533,,$104.000,,
Stanley,🥤,TRAVEL QUENCHER 1.2 LITROS ROSADO CON FLORES,,$126.000,,
Stanley,🥤,TRAVEL QUENCHER 590 ML - CREMA - 2018,,$87.000,,
Stanley,🥤,TRAVEL QUENCHER 590 ML - NEGRO - QUE887MLR,,$87.000,,
Stanley,🥤,TRAVEL QUENCHER 590 ML - ROSE QUARTZ- 2019,,$84.000,,
Stanley,🥤,TRAVEL QUENCHER 880 ML SALMON - 947115,,$94.000,,
Stanley,🥤,TRAVEL QUENCHER 887 ML - EDICION KAROL G -,,$194.000,,
Stanley,🥤,TRAVEL QUENCHER 887 ML - LILA - 964303,,$94.000,,
Stanley,🥤,TRAVEL QUENCHER 887 ML - ROJO - 96687,,$94.000,,
Stanley,🥤,TRAVEL QUENCHER 887 ML - VERDE - 999251,,$94.000,,
Stanley,🥤,Travel Quencher 887 ML - VIOLETA VIVIDO - 534,,$91.000,,
Stanley,🥤,Travel Quencher 887 ML / CREMA / 535,,$94.000,,
Stanley,🧉,TRAVEL QUENCHER 887 ML NEGRO MATE CON DETALLE LILA,,$100.000,,
Stanley,🥤,TRAVEL QUENCHER 887 ML VERDE- BLANCO,,$107.000,,
Stanley,🥤,TRAVEL QUENCHER PROTOUR 1.18 LITROS / BLANCO / 953390,,$107.000,,
Stanley,🥤,TRAVEL QUENCHER PROTOUR 1.18 LITROS / NEGRO / 953393,,$113.000,,
Stanley,🥤,TRAVEL QUENCHER PROTOUR 1.18 LITROS / PRICKLY PEAR,,$113.000,,
Stanley,🥤,TRAVEL QUENCHER PROTOUR 1.18 LITROS / ROSADO / 953406,,$113.000,,
Stanley,🥤,TRAVEL QUENCHER PROTOUR 1.18 LITROS / TWILIGHT / 953391,,$113.000,,
Stanley,🥤,"TRAVEL QUENCHER STANLEY - MESSI THE GOAT - 1,18 LITROS - ROSA",,$178.000,,
Stanley,🥤,TRAVEL QUENCHER STANLEY 1.18 LITROS - VERDE - EDICION ANTONELLA,,$216.000,,
Stanley,🥤,TRAVEL QUENCHER STANLEY 1.2 LITROS - CELESTE - EDICION MESSI 10,,$168.000,,
Stanley,🥤,Vaso CERVECERO SIN TAPA EDICION ARGENTINA - STANLEY,,$39.000,,
Stanley,🥤,VASO CERVECERO SIN TAPA SALMON,,$49.000,,
Stanley,🥤,Vaso cerveceros sin tapa,,$58.000,,
Stanley,🥤,Vaso cerveceros sin tapa ROSADO,,$58.000,,
Stanley,🥤,VASO CHOPERA CON MANIJA BLANCO,,$91.000,,
Stanley,🥤,VASO CHOPERA CON MANIJA NEGRO,,$91.000,,
Stanley,🥤,Vaso con Tapa Abridor Azul,,$68.000,,
Stanley,🥤,Vaso con Tapa Abridor Blanco,,$68.000,,
Stanley,🥤,Vaso con Tapa Abridor Bordo,,$68.000,,
Stanley,🥤,Vaso con Tapa Abridor CAMUFLADOo,,$68.000,,
Stanley,🥤,Vaso con Tapa Abridor NEGRO,,$68.000,,
Stanley,🥤,Vaso GO Tumbler Everyday - COLOR AZUL,,$49.000,,
Stanley,🥤,Vaso GO Tumbler Everyday - COLOR DORADO,,$49.000,,
Stanley,🥤,Vaso GO Tumbler Everyday - COLOR GUAVA - SALMON,,$49.000,,
Stanley,🥤,Vaso GO Tumbler Everyday - COLOR VERDE,,$49.000,,
Stanley,🥤,Vaso GO Tumbler Everyday - COLOR VINO,,$55.000,,
Stanley,🥤,VASO STANLEY EVERYDAY TEXTURIZADO NEGRO 590 ML,,$81.000,,
Stanley,🥤,VASO STANLEY EVERYDAY TEXTURIZADO VERDE 590 ML,,$81.000,,
SPRAY CORPORAL - ARABES,🧴,Perfume Bharara Scarlet Eau de Parfum Unissex 100ML,,$107.000,,
SPRAY CORPORAL - ARABES,🧴,Perfume Orientica Amber Rouge Eau de Parfum Unissex 80ML,,$113.000,,
SPRAY CORPORAL - ARABES,🧴,Spray Corporal Armaf Club de Nuit Iconic 200ML,,$13.000,,
SPRAY CORPORAL - ARABES,🧴,Spray Corporal Armaf Club de Nuit Imperiale 200ML,,$13.000,,
SPRAY CORPORAL - ARABES,🧴,Spray Corporal Armaf Club de Nuit Milestone 200ML,,$13.000,,
SPRAY CORPORAL - ARABES,🧴,Spray Corporal Armaf Club de Nuit Sillage - Masculino 200ML,,$13.000,,
SPRAY CORPORAL - ARABES,🧴,Spray Corporal Armaf Club de Nuit Untold 200ML,,$13.000,,
SPRAY CORPORAL - ARABES,🧴,Spray Corporal Armaf Club de Nuit Woman Pink 200ML,,$13.000,,
SPRAY CORPORAL - ARABES,🧴,Spray Corporal Armaf Odyssey Aoud Edition 200ML,,$13.000,,
SPRAY CORPORAL - ARABES,🧴,Spray Corporal Armaf Odyssey Candee 200ML,,$13.000,,
SPRAY CORPORAL - ARABES,🧴,Spray Corporal Armaf Odyssey Dubai Chocolat - Masculino 200ML,,$13.000,,
SPRAY CORPORAL - ARABES,🧴,Spray Corporal Armaf Odyssey Homme Edition 200ML,,$13.000,,
SPRAY CORPORAL - ARABES,🧴,Spray Corporal Armaf Odyssey Homme White Edition 200ML,,$13.000,,
SPRAY CORPORAL - ARABES,🧴,Spray Corporal Armaf Odyssey Limoni - Unissex 200ML,,$13.000,,
SPRAY CORPORAL - ARABES,🧴,Spray Corporal Armaf Odyssey Spectra Rainbow - Masculino 200ML,,$13.000,,
SPRAY CORPORAL - ARABES,🧴,Spray Corporal Femenino Armaf Clud de Nuit Intense Woman 200ML,,$13.000,,
SPRAY CORPORAL - ARABES,🧴,Spray Corporal LATTAFA Ameerat Al Arab Prive Rose 200ML,,$13.000,,
SPRAY CORPORAL - ARABES,🧴,Spray Corporal Lattafa Badee Al Oud Honor & Glory - Unissex 200ML,,$13.000,,
SPRAY CORPORAL - ARABES,🧴,Spray Corporal Lattafa Badee Al Oud Noble Blush 250ML,,$13.000,,
SPRAY CORPORAL - ARABES,🧴,Spray Corporal Lattafa Fakhar - Masculino 200ML,,$13.000,,
SPRAY CORPORAL - ARABES,🧴,Spray Corporal Lattafa Pride Fakhar Extrait Unisex - 200ML,,$13.000,,
SPRAY CORPORAL - ARABES,🔹,Spray Corporal Maison Alhambra Jubilant Rose - Feminino 200ML,,$13.000,,
SPRAY CORPORAL - ARABES,🧴,Spray Corporal Masculino Armaf Clud de Nuit Intense Man 200ML,,$13.000,,
SPRAY CORPORAL - ARABES,🧴,Spray Corporal Masculino Armaf Odyssey Mandarin SKY 200ML,,$13.000,,
SPRAY CORPORAL - ARABES,🧴,Spray Corporal Masculino Armaf Odyssey Mega Limited Edition 200ML,,$13.000,,
SPRAY CORPORAL - ARABES,🧴,Spray Corporal Masculino Armaf Odyssey Wild One Gold Edition 200ML,,$13.000,,
SPRAY CORPORAL - ARABES,🧴,Spray Corporal Perfumado Lattafa Asad Masculino 200ML,,$13.000,,
SPRAY CORPORAL - ARABES,🧴,Spray Corporal Perfumado Lattafa Khamrah Unissex 200ML,,$13.000,,
SPRAY CORPORAL - ARABES,🧴,Spray Corporal Unisex Armaf Odyssey Aqua Edition 200ML,,$13.000,,
SPRAY CORPORAL - ARABES,🧴,Spray Corporal Unisex Lattafa Qaed Al Fursan Unlimited 200ML,,$13.000,,
SPLIT - INVERTER,❄️,SPLIT 3000 FRIGORIAS - INVERTER - VCP -,,$564.000,,
SPLIT - INVERTER,❄️,SPLIT 3000 FRIGORIAS - MIDEA - INVERTER -,,$606.000,,
SPLIT - INVERTER,❄️,SPLIT 3000 FRIGORIAS MARCA CARRIER - INVERTER,,$831.000,,
SPLIT - INVERTER,❄️,SPLIT 4500 FRIGORIAS - INVERTER - VCP -,,$941.000,,
SPLIT - INVERTER,❄️,SPLIT 4500 FRIGORIAS - MIDEA - INVERTER -,,$1.144.000,,
SPLIT - INVERTER,❄️,SPLIT 4500 FRIGORIAS MARCA CARRIER - INVERTER,,$1.308.000,,
SPLIT - INVERTER,❄️,SPLIT 6000 FRIGORIAS - INVERTER - VCP -,,$1.243.000,,
SPLIT - INVERTER,❄️,SPLIT 6000 FRIGORIAS - MIDEA - INVERTER -,,$1.462.000,,
SPLIT - INVERTER,❄️,SPLIT 6000 FRIGORIAS - TCL - INVERTER,,$1.221.000,,
SPLIT - INVERTER,❄️,SPLIT 6000 FRIGORIAS MARCA CARRIER - INVERTER,,$1.485.000,,
SPLIT,❄️,AIRE DE VENTANA - 2500 FRIGORIAS - TOKYO,,$635.000,,
SPLIT,❄️,AIRE PORTATIL MARCA TOKYO - 12000 BTU,,$670.000,,
SPLIT,❄️,SPLIT 3000 FRIGORIAS - AIRWAY,,$461.000,,
SPLIT,❄️,SPLIT 3000 FRIGORIAS - ALTECH,,$458.000,,
SPLIT,❄️,SPLIT 3000 FRIGORIAS - VIVION CON WIFI,,$458.000,,
SPLIT,❄️,Split 3000 frigorias Carrier - FRIO / CALOR,,$590.000,,
SPLIT,❄️,Split 4500 frigorias MIDEA,,$854.000,,
SPLIT,❄️,SPLIT 6000 FRIGORIAS - CHIQ,,$1.070.000,,
SPLIT,❄️,SPLIT 6000 FRIGORIAS - VIVION,,$1.137.000,,
SPLIT,❄️,SPLIT 6000 FRIGORIAS - WIFI - MARCA HD PLAY,,$1.053.000,,
SPLIT,❄️,SPLIT 6000 FRIGORIAS MARCA CARRIER - USADO CON GARANTIA -,,$1.134.000,,
SPLIT,❄️,SPLIT 6000 FRIGORIAS MARCA PRIDE,,$1.024.000,,
SOUNDBAR,🔊,Soundbar Xiaomi Soundbar Pro 2.1 CH MDZ-41-DB 150 Watts com Bluetooth/Optical/Coaxial - Preto,,$345.000,,
SOPORTE TV / NOTEBOOK / +,📺,SOPORTE FIJO DE PARED PARA TV SMART de 32 A 80 PULGADAS - Satellite A-32801A,,$20.000,,
SOPORTE TV / NOTEBOOK / +,📺,SOPORTE GIRATORIO PARA TV / UNIQUE / 32 A 55 PULGADAS / RC-IME,,$42.000,,
SOPORTE TV / NOTEBOOK / +,📺,SOPORTE P/ TV 23` A 43` FTX / FTX68 / 30 KG / GIR 90°,,$33.000,,
SOPORTE TV / NOTEBOOK / +,💻,SOPORTE PARA NOTEBOOK CON Cooler Satellite A-CP19,,$23.000,,
SOPORTE TV / NOTEBOOK / +,📺,SOPORTE PARA TV 32 A 75 PULGADAS FTX 176F - FIJO,,$13.000,,
SOPORTE TV / NOTEBOOK / +,📺,SOPORTE PARA TV 43 A 100 PULGADAS FTX FTX38-69F FIJO COLOR NEGRO,,$26.000,,
SOPORTE TV / NOTEBOOK / +,📺,SOPORTE PARA TV 43 A 100 PULGADAS FTX FTX38-69T 75 KG/INC5/ FIJO NEGRO,,$36.000,,
SECARROPAS,🧺,SECARROPA ENXUTA 8 KG / SENX080,,$467.000,,
SECARROPAS,♨️,SECARROPA Y ESTUFA COLGANTE LATINA 2 EN 1 10 KG,,$210.000,,
SECARROPAS,🧺,SECARROPAS PLEGABLE MOX / MO-SP380 1000W 220V,,$71.000,,
SECARROPAS,♨️,SECARROPAS/ESTUFA COLGANTE FTX 1200W - 15 KG 2 EN 1 CD2-12,,$104.000,,
SAMSUNG,📱,A36 5G 8/128 GB,,$541.000,,
SAMSUNG,🖥️,Monitor Samsung Gaming CURVE 27 PULGADAS Odyssey G5 LS27CG552ENXZA 1ms/165Hz/QHD/HDMI/DP,,$371.000,,
SAMSUNG,❌,PRUEBA,,$7.000,,
SAMSUNG,📱,SAMSUNG A06 4G - 4/64GB,,$194.000,,
SAMSUNG,📱,SAMSUNG A07 4G - 4/128GB,,$245.000,,
SAMSUNG,📱,SAMSUNG A07 4G - 4/64GB,,$216.000,,
SAMSUNG,📱,SAMSUNG A16 4G - 4/128GB,,$265.000,,
SAMSUNG,📱,SAMSUNG A17 4G - 4/128GB,,$316.000,,
SAMSUNG,📱,SAMSUNG A17 4G - 6/128GB,,$355.000,,
SAMSUNG,📱,SAMSUNG A17 4G - 8/256GB,,$422.000,,
SAMSUNG,📱,SAMSUNG A17 5G - 4/128GB,,$335.000,,
SAMSUNG,📱,SAMSUNG A17 5G - 8/256GB,,$451.000,,
SAMSUNG,📱,SAMSUNG A26 5G - 6/128GB,,$426.000,,
SAMSUNG,📱,SAMSUNG A26 5G - 8/256GB,,$477.000,,
SAMSUNG,📱,SAMSUNG A27 5G - 6/128GB,,$512.000,,
SAMSUNG,📱,SAMSUNG A27 5G - 8/256GB,,$638.000,,
SAMSUNG,📱,SAMSUNG A36 5G - 6/128GB,,$522.000,,
SAMSUNG,📱,SAMSUNG A36 5G - 8/256GB,,$554.000,,
SAMSUNG,📱,SAMSUNG A37 5G - 6/128 GB,,$577.000,,
SAMSUNG,📱,SAMSUNG A56 5G - 12/256GB,,$773.000,,
SAMSUNG,📱,SAMSUNG A56 5G - 8/128GB,,$651.000,,
SAMSUNG,📱,SAMSUNG A56 5G - 8/256GB,,$686.000,,
SAMSUNG,📱,SAMSUNG A57 5G - 8/128GB,,$706.000,,
SAMSUNG,📱,SAMSUNG A57 5G - 8/256GB,,$793.000,,
SAMSUNG,📱,SAMSUNG S25 FE - 8 / 256 GB --,,$1.060.000,,
SAMSUNG,📱,SAMSUNG S25 ULTRA 5G - 12/256GB,,$1.659.000,,
SAMSUNG,📱,SAMSUNG S25 ULTRA 5G - 12/512GB,,$1.826.000,,
SAMSUNG,📱,SAMSUNG S26 5G - 12/256GB,,$1.343.000,,
SAMSUNG,📱,SAMSUNG S26 ULTRA 5G - 12/512GB,,$2.142.000,,
SAMSUNG,📱,SAMSUNG S26 ULTRA 5G- 12/256GB,,$1.968.000,,
SAMSUNG,❌,TEST,,$0,,
ROOTER,🌐,ADAPTADOR USB WIFI TP-LINK TL-WN725N. 150 MB,,$23.000,,
ROOTER,🔌,HUB USB TPLINK UE330 CON 3 PUERTOS,,$49.000,,
ROOTER,🌐,REPETIDOR DE SEÑAL Wi-Fi TP-Link RE505X AX1500 300 MBPS Em 2.4GHZ + 1200 MBPS Em 5GHZ,,$129.000,,
ROOTER,🌐,REPETIDOR DE SEÑAL TP LINK WA850RE,,$46.000,,
ROOTER,🌐,REPETIDOR DE SEÑAL XIAOMI Extender Pro R03 de 300 Mbps em 2.4GHz,,$36.000,,
ROOTER,🌐,ROUTER Wireless TP-Link Archer AX12 AX1500 1201MBPS,,$75.000,,
ROOTER,🌐,ROUTER Wireless TP-Link TL-WR840N 300MBPS,,$42.000,,
ROBOT ASPIRADORA,🧺,ROBO ASPIRADORA WINNING STAR / ST-9799,,$171.000,,
ROBOT ASPIRADORA,🧺,ROBO ASPIRADORA XIAOMI VACUUM S20 - D106 - BLANCO,,$368.000,,
ROBOT ASPIRADORA,🧺,ROBO de Limpeza Xiaomi Robot Vacuum H40 220,,$471.000,,
ROBOT ASPIRADORA,🧺,ROBO de Limpeza Xiaomi Robot Vacuum S40 Bivolt,,$310.000,,
ROBOT ASPIRADORA,🧺,ROBO de Limpeza Xiaomi Robot Vacuum S40 Pro Bivolt,,$545.000,,
ROBOT ASPIRADORA,🧺,ROBO de Limpeza Xiaomi Robot Vacuum S40C Bivolt,,$271.000,,
RELOJ,⌚,Garmin Forerunner 165 010-02863 com GPS/Bluetooth - Negro,,$506.000,,
RELOJ,⌚,Pulseira Inteligente Xiaomi Band 9 Pro M2402B1 (GL) con GNSS Bluetooth - Obsidian Black,,$133.000,,
RELOJ,⌚,Pulseira Inteligente Xiaomi Band 9 Pro M2402B1 (GL) GNSS Bluetooth - Moonlight Silver,,$126.000,,
RELOJ,⌚,Pulseira Inteligente Xiaomi Band 9 Pro M2402B1 (GL) GNSS Bluetooth - Rose Gold,,$133.000,,
RELOJ,⌚,Pulseira Inteligente Xiaomi Smart Band 9 Active M2435B1 (GL) Bluetooth - Beige White,,$52.000,,
RELOJ,⌚,Pulseira Inteligente Xiaomi Smart Band 9 Active M2435B1 (GL) Bluetooth - Preto,,$52.000,,
RELOJ,⌚,Pulseira Inteligente Xiaomi Smart Band 9 Active M2435B1 (GL) Bluetooth - Rosa,,$52.000,,
RELOJ,⌚,Pulseira Inteligente Xiaomi Smart Band 9 Active M2435B1 (GL) Bluetooth - VERDE,,$52.000,,
RELOJ,⌚,Relógio Amazfit T-Rex 3 A2323 com GPS/Wi-Fi - Lave,,$374.000,,
RELOJ,⌚,RELOGIO BLACKVIEW W70 PRO SMART WATCH VERDE,,$71.000,,
RELOJ,⌚,Relogio Samsung Galaxy WATCH 7 SM-L315FZGAINS 44 MM com 4G GPS/Wi-Fi - VERDE,,$403.000,,
RELOJ,⌚,Relógio Xiaomi Mibro GS Pro XPAW013,,$120.000,,
RELOJ,⌚,ReLOJ Haylou Solar 5 HF004 com Bluetooth - NEGRO + PulsERA,,$81.000,,
RELOJ,⌚,RELOJ Amazfit Bip Max A2568 com GPS/Bluetooth - Dark Blue,,$216.000,,
RELOJ,⌚,RELOJ Amazfit Bip Max A2568 W2568AP1N Silver,,$216.000,,
RELOJ,⌚,RELOJ Amazfit T-Rex 3 A2322 com GPS/Wi-Fi - Onyx,,$374.000,,
RELOJ,⌚,RELOJ Blackview W50 Pro Bluetooth - Preto + Pulseira,,$68.000,,
RELOJ,⌚,RELOJ Blackview W50 Pro Bluetooth - VERDE + Pulseira,,$68.000,,
RELOJ,⌚,RELOJ BLACKVIEW W50 PRO SMART WATCH BEIGE,,$68.000,,
RELOJ,⌚,RELOJ BLACKVIEW W60,,$58.000,,
RELOJ,⌚,RELOJ GARMIN FORERUNNER 55 - BLANCO,,$368.000,,
RELOJ,⌚,RELOJ GARMIN FORERUNNER 55 - NEGRO,,$368.000,,
RELOJ,⌚,RELOJ HAYLOU IRON N1 HF006 SMART WATCH,,$75.000,,
RELOJ,⌚,RELOJ HAYLOU IRON NEO,,$46.000,,
RELOJ,⌚,RELOJ HAYLOU RS5 LS19,,$52.000,,
RELOJ,⌚,RELOJ HAYLOU SOLAR NEO HF008 SMART WATCH,,$46.000,,
RELOJ,⌚,RELOJ HAYLOU SOLAR PRO,,$58.000,,
RELOJ,⌚,RELOJ Haylou Solar Pro com Bluetooth - Prata/Marrom,,$68.000,,
RELOJ,⌚,RELOJ Haylou Solar Ultra HF009 - BLANCO,,$94.000,,
RELOJ,⌚,RELOJ Haylou Solar Ultra HF009 - NEGRO,,$94.000,,
RELOJ,⌚,Reloj Haylou watch 2 Pro,,$49.000,,
RELOJ,⌚,RELOJ Huawei Watch GT 5 Pro 46MM - Titânio,,$815.000,,
RELOJ,⌚,Reloj Inteligente Xiaomi Smart Band 10 Pro M2552B1 (GL) Bluetooth - Glacier Silver,,$133.000,,
RELOJ,⌚,Reloj Inteligente Xiaomi Smart Band 10 Pro M2552B1 (GL) Bluetooth - Lavender Pink,,$133.000,,
RELOJ,⌚,Reloj Inteligente Xiaomi Smart Band 10 Pro M2552B1 (GL) Bluetooth - Midnight Black,,$133.000,,
RELOJ,⌚,RELOJ Smartwatch Blackview Z10 Kids - Azul,,$94.000,,
RELOJ,⌚,RELOJ Smartwatch Blackview Z20 Kids - Azul - 4G,,$94.000,,
RELOJ,⌚,RELOJ Smartwatch Blackview Z20 Kids - ROSA - 4G,,$94.000,,
RELOJ,⌚,RELOJ SMARTWATCH FTXA10P-RGPK 48 MM ROSA / 111864,,$75.000,,
RELOJ,⌚,RELOJ SMARTWATCH FTXA10P-SVLB 48 MM / AZUL CLARO / 111856,,$75.000,,
RELOJ,⌚,RELOJ SMARTWATCH FTXA10P-SVW 48 MM - PLATA GRIS / 111849,,$75.000,,
RELOJ,⌚,RELOJ SMARTWATCH FTXR20 - BB 57 MM AZUL / 111962,,$58.000,,
RELOJ,⌚,RELOJ SMARTWATCH FTXR20 - SVBE 57 MM - PLATA BEIGE / 111955,,$58.000,,
RELOJ,⌚,RELOJ SMARTWATCH FTXR20 - SVW 57 MM - PLATA GRIS / 111948,,$58.000,,
RELOJ,⌚,RELOJ Smartwatch Imilab Imiki Frame 2 Pro Bluetooth - Bege Titanio,,$110.000,,
RELOJ,⌚,RELOJ Smartwatch Imilab Imiki Frame 2 Pro Bluetooth - Black + black,,$107.000,,
RELOJ,⌚,RELOJ Smartwatch Samsung Galaxy WATCH 7 SM-L310NZSA 44 MM - Silver,,$390.000,,
RELOJ,⌚,RELOJ Xiaomi Amazfit Bip 6 A2435.. CHARCOAL,,$210.000,,
RELOJ,⌚,RELOJ Xiaomi Amazfit Bip 6 A2435.. NEGRO,,$210.000,,
RELOJ,⌚,RELOJ Xiaomi Amazfit Bip 6 A2435.. RED,,$210.000,,
RELOJ,⌚,RELOJ Xiaomi Amazfit Bip 6 A2435.. STONE,,$210.000,,
RELOJ,⌚,RELOJ Xiaomi Mibro Fit XPAW027,,$113.000,,
RELOJ,⌚,RELOJ Xiaomi Smart Band 10 - M2459B1 - BLANCO,,$84.000,,
RELOJ,⌚,RELOJ Xiaomi Smart Band 10 - M2459B1 - NEGRO,,$84.000,,
RELOJ,⌚,RELOJ Xiaomi Smart Band 10 - M2459B1 - ROSADO,,$84.000,,
RELOJ,⌚,Samsung Galaxy Watch 8 SM-L330 - 44 MM com GPS/Bluetooth - NEGRO,,$467.000,,
RELOJ,⌚,Samsung Galaxy Watch 8 SM-L330 - 44 MM com GPS/Bluetooth - Silver / BLANCO,,$467.000,,
RELOJ,⌚,SAMSUNG WATCH FIT 3 - NEGRO,,$84.000,,
RELOJ,⌚,SAMSUNG WATCH FIT 3 - ROSA,,$84.000,,
RELOJ,⌚,SAMSUNG WATCH FIT 3 - SILVER,,$84.000,,
RELOJ,⌚,Smartwatch BLACKVIEW W70 PRO SMART WATCH BEIGE,,$78.000,,
RELOJ,⌚,Smartwatch Blackview R10 com Bluetooth - Rosa + Pulseira,,$49.000,,
RELOJ,⌚,Smartwatch BLACKVIEW R10 SMART WATCH PRETO + PULSEIRA,,$49.000,,
RELOJ,⌚,Smartwatch BLACKVIEW R10 SMART WATCH ROXO + PULSEIRA,,$49.000,,
RELOJ,⌚,Smartwatch Blackview R50 com Bluetooth - Azul + Pulseira,,$49.000,,
RELOJ,⌚,Smartwatch Blackview R50 com Bluetooth - Cinza + Pulseira,,$49.000,,
RELOJ,⌚,Smartwatch Blackview R50 com Bluetooth - Preto + Pulseira,,$49.000,,
RELOJ,⌚,Smartwatch Blackview R50 com Bluetooth - ROSA + PulseirA,,$49.000,,
RELOJ,⌚,Smartwatch Blackview R50 com Bluetooth - Wine Red + Pulseira,,$49.000,,
RELOJ,⌚,Smartwatch Blackview R60 com Bluetooth - Preto + Pulseira,,$68.000,,
RELOJ,⌚,Smartwatch BLACKVIEW R60 SMART WATCH ROSA,,$68.000,,
RELOJ,⌚,Smartwatch BLACKVIEW R60 SMART WATCH ROXO,,$68.000,,
RELOJ,⌚,Smartwatch BLACKVIEW W70 PRO SMART WATCH NEGRO,,$62.000,,
RELOJ,⌚,Smartwatch Blackview X20 com Bluetooth - Dourado Rosa + Pulseira,,$62.000,,
RELOJ,⌚,Smartwatch Blackview X20 com Bluetooth - Prata Cinza + Pulseira,,$62.000,,
RELOJ,⌚,Smartwatch Blackview X20 com Bluetooth - Preto + Pulseira,,$62.000,,
RELOJ,⌚,Xiaomi Redmi Watch 5 Lite M2352W1 - GOLD DORADO,,$100.000,,
RELOJ,⌚,Xiaomi Redmi Watch 5 Lite M2352W1 - NEGRO,,$100.000,,
RELOJ,⌚,XIAOMI SMART BAND 9 AZUL,,$78.000,,
RELOJ,⌚,XIAOMI SMART BAND 9 ROSA,,$75.000,,
RELOJ,⌚,XIAOMI WATCH 5 ACTIVE BLANCO,,$71.000,,
RELOJ,⌚,XIAOMI WATCH 5 ACTIVE NEGRO,,$71.000,,
REALME,📱,REALME C75 4G - 8 / 256 GB,,$316.000,,
REALME,📱,REALME NOTE 60 - 4 / 128 GB,,$207.000,,
REALME,📱,REALME NOTE 60X - 3 / 64 GB,,$174.000,,
REALME,📱,REALME NOTE 60X - 4 / 128 GB,,$184.000,,
PROYECTOR - PROJETOR,📽️,Projetor Wanbo Cube 1 WPF14 350 ANSI Lúmens com Wi-Fi Bivolt -,,$274.000,,
PROYECTOR - PROJETOR,📽️,Projetor Wanbo Cube 2 Pro WPC024 de 500 Ansi Lúmens com Wi-Fi/Bluetooth Bivolt,,$335.000,,
PROYECTOR - PROJETOR,🔋,Projetor Wanbo Mozart 1 Pro WPB84 de 1200 ANSI Lúmens com Wi-Fi Bluetooth Bivolt,,$577.000,,
PROYECTOR - PROJETOR,📽️,Projetor Wanbo Vali 1 Pro 900 ANSI Lúmens com Wi-Fi Bluetooth Bivolt,,$567.000,,
PROYECTOR - PROJETOR,📽️,Projetor Wanbo Vali 1 WPC14 900 ANSI Lúmens com Wi-Fi Bluetooth Bivolt,,$406.000,,
PROYECTOR - PROJETOR,📽️,Projetor Xiaomi Wanbo T2 Ultra 500 Lúmens,,$323.000,,
PROYECTOR - PROJETOR,📽️,Projetor Xiaomi Wanbo X2 Pro 450 Lúmens,,$242.000,,
PLANCHAS,👕,PLANCHA A VAPOR MOX - MO-DI15 - PLANCHA MODELO NORMAL,,$33.000,,
PLANCHAS,👕,PLANCHA A VAPOR PORTATIL FTX 150,,$52.000,,
PLANCHAS,👕,PLANCHA A VAPOR PORTATIL MOX - MO-DI16,,$39.000,,
PLANCHAS,👕,PLANCHA A Vapor Quanta QTPVP90 Tanque de 200 ML,,$58.000,,
PLANCHAS,👕,PLANCHA SECA MOX - MO-DI12,,$26.000,,
PLANCHAS,👕,R1282 STEAMIRON PLANCHA A VAPOR RAF,,$36.000,,
PILAS,🔋,PILAS Alcalina AA Aiwa LR6 AWBAPLR6P41 1.5V - 4 Unidades,,$13.000,,
PILAS,🔋,PILAS Alcalina AAA Aiwa LR03 AWBAPLR03P41 1.5V - 4 Unidades,,$13.000,,
PERFUME ARABE,🧴,Perfume Afnan Supremacy Gala Women Eau de Parfum Feminino 90ML,,$71.000,,
PERFUME ARABE,🧴,PERFUME LATTAFA KIT YARA COLLECTION 4 PIEZAS DE 25ML,,$52.000,,
PERFUME ARABE,🧴,Afnan Kit Souvenir Floral Bouquet Edp 100ML + s/G 100ML +B/L 100ML,,$68.000,,
PERFUME ARABE,🧴,Armaf Island Bliss Edp 100ML FEMENINO,,$120.000,,
PERFUME ARABE,🧴,Armaf Yum Yum Edp 100ML FEMENINO,,$120.000,,
PERFUME ARABE,🧴,Kit Perfume Afnan 9AM DRIVE + 3 PIEZAS,,$75.000,,
PERFUME ARABE,🧴,Kit Perfume Afnan 9PM - 3 PIEZAS,,$75.000,,
PERFUME ARABE,🧴,Kit Perfume Armaf Club de Nuit Woman,,$81.000,,
PERFUME ARABE,🧴,KIT PERFUME FEMENINO LATTAFA YARA EDP 100 ML + PERFUME YARA CANDY EDP 100 ML,,$68.000,,
PERFUME ARABE,🧴,KIT PERFUME LATTAFA KHAMRAH 100ML + DEO 200ML MASCULINO,,$55.000,,
PERFUME ARABE,🧴,Kit Perfume Masculino Lattafa ASAD EDP 100 ml + Perfume ASAD Zanzibar EDP 100ml,,$91.000,,
PERFUME ARABE,🧴,Kit Perfume Unissex Lattafa Badee Al Oud Collection EDP 5 ml - 5 Unidades,,$29.000,,
PERFUME ARABE,🧴,PERFUME AFNAN 9PM ELIXIR PARFUM INTENSE 100ML MASCULINO,,$78.000,,
PERFUME ARABE,🧴,Perfume Afnan 9PM Night Out Extrait de Parfum Unissex 100ML,,$91.000,,
PERFUME ARABE,🧴,Perfume Afnan 9PM Pour Femme Eau de Parfum Feminino 100ML,,$65.000,,
PERFUME ARABE,🧴,Perfume Afnan 9PM Rebel Eau de Parfum Unissex 100ML,,$71.000,,
PERFUME ARABE,🧴,PERFUME AFNAN CHERRY BOUQUET 100ML FEMININO,,$78.000,,
PERFUME ARABE,🧴,Perfume Afnan Souvenir Floral Bouquet Eau de Parfum Feminino 100ML,,$58.000,,
PERFUME ARABE,🧴,PERFUME AFNAN SUPREMACY GALA PINK 100ML,,$58.000,,
PERFUME ARABE,🧴,Perfume Al Haramain Amber Oud Aqua Dubai Eau de Parfum Unissex 100ML,,$97.000,,
PERFUME ARABE,🧴,Perfume Al Haramain Amber Oud Gold Eau de Parfum Unissex 120ML,,$87.000,,
PERFUME ARABE,🧴,Perfume Al Haramain Amber Oud Ruby Edition Eau de Parfum Unissex 100ML,,$104.000,,
PERFUME ARABE,🧴,Perfume Al Wataniah Oud Mystery Intense Eau de Parfum Unissex 100ML,,$33.000,,
PERFUME ARABE,🧴,Perfume Al Wataniah Sabah Al Ward Sugar Eau de Parfum Feminino 100ML,,$29.000,,
PERFUME ARABE,🧴,Perfume Amaran Kings & Queens Pure Aruba Eau de Parfum Feminino 100ML,,$42.000,,
PERFUME ARABE,🧴,Perfume Armaf Club de Nuit Iconic Eau de Parfum Masculino 105ML,,$71.000,,
PERFUME ARABE,🧴,Perfume Armaf Club de Nuit Impériale Eau de Parfum Feminino 105ML,,$65.000,,
PERFUME ARABE,🧴,Perfume Armaf Club de Nuit Lionheart Woman Eau de Parfum Feminino 100ML,,$58.000,,
PERFUME ARABE,🧴,Perfume Armaf Club de Nuit Oud Parfum Unissex 105ML,,$110.000,,
PERFUME ARABE,🧴,Perfume Armaf Club de Nuit Precieux IV Extraut de Parfum 55ML - Feminino,,$97.000,,
PERFUME ARABE,🧴,Perfume Armaf Club De Nuit Untold EDP - 105mL,,$62.000,,
PERFUME ARABE,🧴,Perfume Armaf Club de Nuit Urban Man Eau de Parfum Masculino 105ML,,$55.000,,
PERFUME ARABE,🧴,Perfume Armaf Odyssey Aqua Eau de Parfum Masculino 100ML,,$62.000,,
PERFUME ARABE,🧴,Perfume Armaf Odyssey Candee Eau de Parfum Feminino 100ML,,$36.000,,
PERFUME ARABE,🧴,PERFUME ARMAF ODYSSEY LICHI LUSH EDP 100 ML,,$62.000,,
PERFUME ARABE,🧴,Perfume Armaf Odyssey Limoni Fresh Edition Eau de Parfum Unissex 100ML,,$39.000,,
PERFUME ARABE,🧴,Perfume Armaf Odyssey Mandarin Sky Vintage Edition Eau de Parfum Masculino 100ML,,$58.000,,
PERFUME ARABE,🧴,Perfume Armaf Odyssey Mega Eau de Parfum Masculino 100ML,,$42.000,,
PERFUME ARABE,🧴,Perfume Armaf Odyssey PINK EDP 100 ML,,$62.000,,
PERFUME ARABE,🧴,Perfume Armaf Odyssey Revolution Ultra Edition Eau de Parfum Masculino 100ML,,$39.000,,
PERFUME ARABE,🧴,PERFUME BHARARA BLUE SINGLE EDP 100ML,,$78.000,,
PERFUME ARABE,🧴,PERFUME BHARARA NICHE EDP 100ML,,$78.000,,
PERFUME ARABE,🧴,Perfume Boulevard Baron Haussmann Eau de Parfum Masculino 100ML,,$49.000,,
PERFUME ARABE,🧴,Perfume Boulevard Grands Boulevards Eau de Parfum Masculino 100ML,,$49.000,,
PERFUME ARABE,🧴,Perfume FEMENINO Afnan 9AM Pour Femme Coral Edp 100ML,,$55.000,,
PERFUME ARABE,🧴,Perfume FEMENINO Armaf Club Woman de Nuit EDP 105 ml,,$42.000,,
PERFUME ARABE,🧴,Perfume Femenino Lattafa Badee Al Oud Noble Blush EDP 100 ml,,$39.000,,
PERFUME ARABE,🧴,Perfume FEMENINO Lattafa Haya Eau de ParfumE 100ML,,$58.000,,
PERFUME ARABE,🧴,Perfume FEMENINO Lattafa MAYAR EDP 100 ml,,$39.000,,
PERFUME ARABE,🧴,Perfume FEMENINO Lattafa Musaman White Intense EDP 100 ML,,$71.000,,
PERFUME ARABE,🧴,Perfume FEMENINO Lattafa Qaed Al Fursan Unlimited EDP 90 ML,,$26.000,,
PERFUME ARABE,🧴,Perfume FEMENINO Lattafa Yara EDP 100 ml,,$46.000,,
PERFUME ARABE,🧴,Perfume Feminino Al Haramain L Aventure Gold EDP 100 ml,,$71.000,,
PERFUME ARABE,🧴,Perfume Feminino Armaf Club De Nuit Untold EDP 200 ml,,$126.000,,
PERFUME ARABE,🧴,Perfume Feminino Lattafa Fakhar ROSE Pride of Lattafa EDP 100 ml,,$55.000,,
PERFUME ARABE,🧴,Perfume Feminino Lattafa Yara Candy EDP 100 ml,,$39.000,,
PERFUME ARABE,🧴,Perfume Feminino Lattafa Yara Moi EDP 100 ml,,$36.000,,
PERFUME ARABE,🧴,Perfume Feminino Lattafa Yara Tous EDP 100 ml,,$36.000,,
PERFUME ARABE,🧴,Perfume Infantil Lattafa Happy Brush EDP 75 ml,,$23.000,,
PERFUME ARABE,🧴,Perfume Infantil Lattafa Happy Time EDP 75 ml,,$26.000,,
PERFUME ARABE,🧴,Perfume Infantil Lattafa Play EDP 75 ml,,$23.000,,
PERFUME ARABE,🧴,Perfume Infantil Lattafa Sing EDP 75 ml,,$23.000,,
PERFUME ARABE,🧴,Perfume Infantil Lattafa Stop Wait Go EDP 75 ml,,$23.000,,
PERFUME ARABE,🧴,PERFUME LATTAFA AL NASHAMA CAPRICE EDP 100ML UNISSEX,,$42.000,,
PERFUME ARABE,🧴,Perfume Lattafa Art Of Universe Eau de Parfum Unissex 100ML,,$55.000,,
PERFUME ARABE,🧴,Perfume Lattafa Asad Bourbon Eau de Parfum Masculino 100ML,,$65.000,,
PERFUME ARABE,🧴,Perfume Lattafa Asad Elixir Eau de Parfum Masculino 100ML,,$55.000,,
PERFUME ARABE,🧴,Perfume Lattafa Badee Al Oud Oud For Glory Eau de Parfum Unissex 100ML,,$55.000,,
PERFUME ARABE,🧴,Perfume Lattafa Eclaire Eau de Parfum Feminino 100ML,,$65.000,,
PERFUME ARABE,🧴,Perfume Lattafa Fakhar Platin Eau de Parfum Unissex 100ML,,$39.000,,
PERFUME ARABE,🧴,PERFUME LATTAFA HAYAATI EXOTIC EDP 100ML,,$46.000,,
PERFUME ARABE,🧴,Perfume Lattafa Khamrah Waha Eau de Parfum Unissex 100ML,,$91.000,,
PERFUME ARABE,🧴,Perfume Lattafa Liam Eau de Parfum Unissex 100ML,,$33.000,,
PERFUME ARABE,🧴,Perfume Lattafa Mayar Cherry Intense Eau de Parfum Feminino 100ML,,$36.000,,
PERFUME ARABE,🧴,Perfume Lattafa Mayar Natural Intense Eau de Parfum Feminino 100ML,,$36.000,,
PERFUME ARABE,🧴,Perfume Lattafa Pride Ansaam Gold Eau de Parfum Unissex 100ML,,$39.000,,
PERFUME ARABE,🧴,Perfume Lattafa Pride Breeze Eau de Parfum Unissex 100ML,,$36.000,,
PERFUME ARABE,🧴,PERFUME LATTAFA PRIDE PISA EAU DE PERFUM MASCULINO 100ML,,$65.000,,
PERFUME ARABE,🧴,PERFUME LATTAFA VICTORIA EDP 100ML UNISSEX,,$52.000,,
PERFUME ARABE,🧴,Perfume Lattafa Yara Elixir Eau de Parfum Feminino 100ML,,$52.000,,
PERFUME ARABE,🧴,Perfume Maison Alhambra Glacier Gold Eau de Parfum Masculino 100ML,,$33.000,,
PERFUME ARABE,🧴,Perfume Maison Alhambra Glacier Pour Homme Eau de Parfum Masculino 100ML,,$33.000,,
PERFUME ARABE,🧴,Perfume Maison Alhambra Glacier Ultra Eau de Parfum Masculino 100ML,,$36.000,,
PERFUME ARABE,🧴,Perfume Maison Alhambra Jorge Di Profumo Deep Blue Eau de Parfum Masculino 100ML,,$33.000,,
PERFUME ARABE,🧴,Perfume Maison Alhambra Jorge Di Profumo Eau de Parfum Masculino 100ML,,$33.000,,
PERFUME ARABE,🧴,Perfume Maison Alhambra Jubilant Rose Eau de Parfum Feminino 100ML,,$33.000,,
PERFUME ARABE,🧴,Perfume Maison Alhambra La Rouge Baroque Eau de Parfum Unissex 100ML,,$26.000,,
PERFUME ARABE,🧴,Perfume Maison Alhambra La Voie Eau de Parfum Feminino 100ML,,$46.000,,
PERFUME ARABE,🧴,Perfume Maison Alhambra Leonie Eau de Parfum Feminino 100ML,,$39.000,,
PERFUME ARABE,🧴,Perfume Maison Alhambra No.2 Men Eau de Parfum Masculino 80ML,,$36.000,,
PERFUME ARABE,🧴,Perfume Maison Alhambra Philos Pura Eau de Parfum Unissex 100ML,,$46.000,,
PERFUME ARABE,🧴,Perfume Maison Alhambra Salvo Intense Eau de Parfum Masculino 100ML,,$49.000,,
PERFUME ARABE,🧴,Perfume Maison Alhambra Yeah! Eau de Parfum Masculino 100ML,,$33.000,,
PERFUME ARABE,🧴,Perfume Maison Alhambra Yeah! Man Parfum Masculino 100ML,,$36.000,,
PERFUME ARABE,🧴,Perfume Masculino Afnan 9pm EDP 100 ml,,$49.000,,
PERFUME ARABE,🧴,PERFUME MASCULINO ARMAF CLUB DE NUIT INTENSE MAN EDT 105 ML,,$55.000,,
PERFUME ARABE,🧴,Perfume Masculino Armaf Club de Nuit Precieux I Edp 55 ML,,$94.000,,
PERFUME ARABE,🧴,Perfume Masculino Armaf Club de Nuit Urban Elixir EDT 105 ml,,$68.000,,
PERFUME ARABE,🧴,Perfume MASCULINO Armaf Odyssey Mandarin Sky Eau de ParfuM 100ML,,$49.000,,
PERFUME ARABE,🧴,Perfume Masculino Armaf Odyssey Wild One Gold EDP 100 ml,,$36.000,,
PERFUME ARABE,🧴,Perfume Masculino Lattafa ASAD EDP 100 ml,,$49.000,,
PERFUME ARABE,🧴,Perfume Masculino Lattafa ASAD Zanzibar EDP 100 ml,,$42.000,,
PERFUME ARABE,🧴,Perfume Masculino Lattafa Fakhar BLACK Pride of Lattafa EDP 100 ML,,$49.000,,
PERFUME ARABE,🧴,Perfume Masculino Lattafa Maahir Black EDP 100 ml,,$39.000,,
PERFUME ARABE,🧴,Perfume Masculino Lattafa Maahir Legacy EDP 100 ml,,$39.000,,
PERFUME ARABE,🧴,Perfume Masculino Lattafa Najdia Intense EDP 100 ML,,$33.000,,
PERFUME ARABE,🧴,Perfume Rasasi Hawas Elixir Eau de Parfum Masculino 100ML,,$55.000,,
PERFUME ARABE,🧴,Perfume Rasasi Hawas Fire For Him Eau de Parfum Masculino 100ML,,$58.000,,
PERFUME ARABE,🧴,Perfume Rasasi Hawas For Him Eau de Parfum Masculino 100ML,,$42.000,,
PERFUME ARABE,🧴,Perfume Rasasi Hawas London Eau de Parfum Unissex 100ML,,$71.000,,
PERFUME ARABE,🧴,Perfume Rasasi Hawas Malibu Eau de Parfum Masculino 100ML,,$68.000,,
PERFUME ARABE,🧴,Perfume Rasasi Hawas Tropical Eau de Parfum Masculino 100ML,,$65.000,,
PERFUME ARABE,🧴,Perfume Unisex Lattafa Pride Ishq Al Shuyukh Gold EDP 100 ml,,$39.000,,
PERFUME ARABE,🧴,Perfume Unissex Lattafa Al Nashama EDP 100 ml,,$42.000,,
PERFUME ARABE,🧴,Perfume Unissex Lattafa Badee Al Oud Amethyst EDP 100 ML,,$42.000,,
PERFUME ARABE,🧴,Perfume Unissex Lattafa Badee Al Oud Honor & Glory EDP 100 ml,,$39.000,,
PERFUME ARABE,🧴,Perfume Unissex Lattafa Badee Al Oud Sublime EDP 100 ml,,$46.000,,
PERFUME ARABE,🧴,Perfume Unissex Lattafa Fakhar Pride Of Gold Edp 100 ML,,$46.000,,
PERFUME ARABE,🧴,Perfume Unissex Lattafa Khamrah Dukhan EDP 100 ml,,$42.000,,
PERFUME ARABE,🧴,Perfume Unissex Lattafa Khamrah EDP 100 ml,,$42.000,,
PERFUME ARABE,🧴,Perfume Unissex Lattafa Khamrah Qahwa EDP 100 ml,,$46.000,,
PERFUME ARABE,🧴,PROBADORES DE PERFUMES ARABES - 5 ML,,$13.000,,
PERFUME,🧴,Calvin Klein CK One Shock Edt 100ML Fem,,$39.000,,
PERFUME,🧴,Perfume Antonio Banderas The Golden Secret Eau de Toilette Masculino 100ML,,$36.000,,
PERFUME,🧴,Perfume Antonio Banderas The Icon Eau de Toilette Masculino 100ML,,$55.000,,
PERFUME,🧴,Perfume Azzaro Chrome Eau de Parfum Masculino 100ML,,$97.000,,
PERFUME,🧴,Perfume Azzaro Chrome Eau de Toilette Masculino 100ML,,$110.000,,
PERFUME,🧴,Perfume Azzaro Wanted Eau de Toilette Masculino 100ML,,$91.000,,
PERFUME,🧴,Perfume Bharara King Eau de Parfum Masculino 100ML,,$94.000,,
PERFUME,🧴,Perfume Calvin Klein CK Be Eau de Toilette Unissex 100ML,,$42.000,,
PERFUME,🧴,Perfume Calvin Klein CK One Eau de Toilette Unissex 100ML,,$49.000,,
PERFUME,🧴,Perfume Calvin Klein Eternity For Men Eau de Toilette Masculino 100ML,,$84.000,,
PERFUME,🧴,Perfume Carolina Hererra Bad Boy Eau de Toilette Masculino 100ML,,$133.000,,
PERFUME,🧴,Perfume Carolina Hererra Bad Boy Eau de Toilette Masculino 50ML,,$94.000,,
PERFUME,🧴,Perfume Carolina Hererra Bad Boy Le Parfum Eau de Parfum Masculino 100ML,,$142.000,,
PERFUME,🧴,Perfume Carolina Herrera 212 Heroes Forever Young Eau de Parfum Feminino 80ML,,$149.000,,
PERFUME,🧴,Perfume Carolina Herrera 212 Vip Black Eau de Parfum Masculino 100ML,,$126.000,,
PERFUME,🧴,Perfume Carolina Herrera La Bomba Eau de Parfum Feminino 80ML,,$181.000,,
PERFUME,🧴,Perfume Christian Dior FEMENINO Jadore Eau de Parfume 100ML,,$200.000,,
PERFUME,🧴,Perfume Christian Dior Sauvage Parfum Masculino 100ML,,$248.000,,
PERFUME,🧴,Perfume Dolce & Gabbana K - Eau de Parfum - Masculino - 100ML,,$155.000,,
PERFUME,🧴,Perfume Dolce & Gabbana Light Blue Eau de Toilette Feminino 100ML,,$139.000,,
PERFUME,🧴,Perfume Dolce & Gabbana Light Blue Eau de Toilette MASCULINO 100ML,,$107.000,,
PERFUME,🧴,Perfume Emper Legend Intense Eau de Toilette Masculino 100ML,,$52.000,,
PERFUME,🧴,Perfume FEMENINO Issey Miyake LEau DIssey Eau de Toilette 100ML,,$81.000,,
PERFUME,🧴,Perfume FEMENINO Britney Spears Fantasy Eau de Parfum 100ML,,$68.000,,
PERFUME,🧴,Perfume FEMENINO Calvin Klein Eternity Eau de Perfume 100ML,,$71.000,,
PERFUME,🧴,PERFUME FEMENINO CAROLINA HERRERA - CH HC - 100 ML,,$158.000,,
PERFUME,🧴,PERFUME FEMENINO CAROLINA HERRERA 212 VIP - NYC 100 ML,,$129.000,,
PERFUME,🧴,Perfume Femenino Carolina Herrera Good Girl EDP 80 ml,,$158.000,,
PERFUME,🧴,Perfume Femenino Carolina Herrera Good Girl New York Blush Elixir EDP 80 ml,,$171.000,,
PERFUME,🧴,Perfume FEMENINO Christian Dior Miss Dior Eau de Parfum 100ML,,$194.000,,
PERFUME,🧴,Perfume FEMENINO JEAN Paul Gaultier Divine Edp 100 ML,,$174.000,,
PERFUME,🧴,Perfume FEMENINO JEAN Paul Gaultier Scandal Edp 80 ML,,$155.000,,
PERFUME,🧴,Perfume Femenino Jesus Del Pozo Halloween Eau de Toilette 100ML,,$62.000,,
PERFUME,🧴,Perfume FEMENINO Lancôme La Vie Est Belle Eau de PERFUME 100ML,,$142.000,,
PERFUME,🧴,Perfume FEMENINO Paco Rabanne Lady Million Eau de Parfum 80ML,,$126.000,,
PERFUME,🧴,Perfume FEMENINO Paco Rabanne Olympea Eau de Parfum 80ML,,$129.000,,
PERFUME,🧴,Perfume FEMENINO Versace Bright Crystal Eau de Toilette 90ML,,$123.000,,
PERFUME,🧴,Perfume Feminino Antonio Banderas Her Secret DESIRE EDT 80 ml,,$39.000,,
PERFUME,🧴,Perfume Feminino Antonio Banderas The Icon EDP 100 ml,,$49.000,,
PERFUME,🧴,Perfume Feminino Carolina Herrera 212 NYC Edt 100 ML,,$136.000,,
PERFUME,🧴,PERFUME FEMININO CAROLINA HERRERA 212 VIP ROSÉ EDP 80 ML,,$136.000,,
PERFUME,🧴,Perfume Feminino Carolina Herrera Very Good Girl Elixir EDP 80 ml,,$162.000,,
PERFUME,🧴,Perfume Feminino Shakira Dance EDT 80 ml,,$33.000,,
PERFUME,🧴,Perfume Feminino Shakira S Eau Florale EDT 80 ml,,$39.000,,
PERFUME,🧴,Perfume Feminino Shakira S EDT 80 ml,,$39.000,,
PERFUME,🧴,Perfume Giorgio Armani Acqua Di Giò Profondo Eau de Parfum Masculino 100ML,,$194.000,,
PERFUME,🧴,Perfume Giorgio Armani My Way Eau de Parfum Feminino INTENSE 90ML,,$200.000,,
PERFUME,🧴,Perfume Giorgio Armani Stronger With You Eau de Toilette Masculino 100ML,,$136.000,,
PERFUME,🧴,Perfume Givenchy Ange ou Demon Eau de Parfum Feminino 100ML,,$126.000,,
PERFUME,🧴,Perfume Givenchy Ange ou Demon Le Secret Eau de Parfum Feminino 100ML,,$136.000,,
PERFUME,🧴,Perfume Givenchy Very Irresistible Eau de Parfum Feminino 75ML,,$155.000,,
PERFUME,🧴,PERFUME ISSEY MIYAKE EAU ISSEY POUR HOMME EAU DE TOILETTE MASCULINO 125ML,,$71.000,,
PERFUME,🧴,Perfume Jean Paul Gaultier Le Male Elixir Parfum Masculino 125ML,,$194.000,,
PERFUME,🧴,Perfume Jean Paul Gaultier Le Male Le Parfum Eau de Parfum Masculino 125ML,,$133.000,,
PERFUME,🧴,Perfume Jean Paul Gaultier Scandal Eau de Toilette Masculino 100ML,,$133.000,,
PERFUME,🧴,Perfume Jean Paul Gaultier Scandal Le Parfum Eau de Parfum Intense Masculino 100ML,,$155.000,,
PERFUME,🧴,Perfume Jimmy Choo I Want Choo Eau de Parfum Feminino 100ML,,$171.000,,
PERFUME,🧴,Perfume Jimmy Choo I Want Choo Forever Eau de Parfum Feminino 100ML,,$158.000,,
PERFUME,🧴,Perfume Jimmy Choo Man Intense Eau de Toilette Masculino 100ML,,$136.000,,
PERFUME,🧴,Perfume Kenzo Homme Intense Eau de Toilette Masculino 110ML,,$158.000,,
PERFUME,🧴,Perfume Lacoste Booster Eau de Toilette Masculino 125ML,,$91.000,,
PERFUME,🧴,Perfume Masculino Antonio Banderas Diavolo EDT 100 ml,,$26.000,,
PERFUME,🧴,Perfume Masculino Antonio Banderas The Secret EDT 100 ml,,$39.000,,
PERFUME,🧴,Perfume Masculino Antonio Banderas The Secret EDT 200 ML,,$46.000,,
PERFUME,🧴,Perfume Masculino Carolina Herrera 212 Men Heroes Forever Young Edt 90 ML,,$120.000,,
PERFUME,🧴,PERFUME MASCULINO CAROLINA HERRERA 212 MEN NYC 100ML,,$120.000,,
PERFUME,🧴,PERFUME MASCULINO CHRISTIAN DIOR SAUVAGE EAU DE TOILETTE 100ML,,$165.000,,
PERFUME,🧴,Perfume Masculino Jean Paul Gaultier Le Male EDT 125 ml,,$123.000,,
PERFUME,🧴,Perfume Masculino Paco Rabanne 1 Million EDT 100 ml,,$113.000,,
PERFUME,🧴,Perfume Masculino Paco Rabanne Invictus EDT 100 ml,,$113.000,,
PERFUME,🧴,Perfume Messi Edp 100ML - Masculino,,$97.000,,
PERFUME,🧴,Perfume Moschino Cheap Chic I Love Love Edt Feminino - 100ML,,$91.000,,
PERFUME,🧴,Perfume Moschino Toy 2 Bubble Gum Edt - FEMENINO 100ML,,$100.000,,
PERFUME,🧴,Perfume Moschino Toy Boy Eau de Parfum Masculino 100ML,,$104.000,,
PERFUME,🧴,Perfume Paco Rabanne Fame Eau de Parfum Feminino 80ML,,$152.000,,
PERFUME,🧴,Perfume Paco Rabanne Phantom Parfum Masculino 100ML,,$155.000,,
PERFUME,🧴,Perfume Valentino Uomo Born In Roma Intense Eau de Parfum Masculino 100ML,,$261.000,,
PERFUME,🧴,Perfume Valentino Uomo Eau de Toilette Masculino 100ML,,$136.000,,
PERFUME,🧴,Perfume Versace Eros Eau de Toilette Masculino 100ML,,$126.000,,
PERFUME,🧴,Perfume Versace Eros Flame Eau de Parfum Masculino 100ML,,$126.000,,
PERFUME,🧴,Perfume Xerjoff Erba Pura Eau de Parfum Unissex 100ML,,$348.000,,
PERFUME,🧴,Perfume Yves Saint Laurent Libre Eau de Parfum Feminino 90ML,,$236.000,,
PERFUME,🧴,Perfume Yves Saint Laurent Libre Eau de Parfum Intense Feminino 90ML,,$261.000,,
PERFUME,🧴,Perfume Yves Saint Laurent Libre LE Parfum Feminino 90ML,,$242.000,,
PERFUME,🧴,PERFUME YVES SAINT LAURENT Y EAU DE PARFUM MASCULINO 100 ML,,$219.000,,
PELUQUERIA,💈,ACEITE Capilar Karseell Maca Essence Oil 50 ml,,$13.000,,
PELUQUERIA,💈,AFEITADORA MOX MO-AFT12 / KIT 12 EN 1,,$39.000,,
PELUQUERIA,💈,Barbeador Philips OneBlade QP2724/10,,$71.000,,
PELUQUERIA,💈,CEPILLO MODELADOR GAMA AVOCADO POWER 3D,,$94.000,,
PELUQUERIA,💈,Cepillo Secador Babylisspro Nano Titanium BNTHB250UZ 900W - 220V,,$97.000,,
PELUQUERIA,🔊,COMBO PACK GAMA COCO ALMENDRA PLANCHITA LED + SECADOR,,$174.000,,
PELUQUERIA,💈,CORTADOR DE PELO MOX / MO-HC1113,,$17.000,,
PELUQUERIA,💈,CORTAPELO GAMA - GM566 13 220,,$42.000,,
PELUQUERIA,💈,MASAJEADOR MOX MO-MG60 / 30W,,$23.000,,
PELUQUERIA,💈,Máscara Capilar Karseell Maca Essence Purple Hair Mask 500 ml,,$33.000,,
PELUQUERIA,💈,Máscara Capilar Karseell Maca Essence Repair Collagen 500 ml,,$17.000,,
PELUQUERIA,🔊,PACK COMBO GAMA AGUACATE PLANCHITA + SECADOR,,$155.000,,
PELUQUERIA,🔊,PACK COMBO GAMA KERATION PLANCHITA + SECADOR,,$158.000,,
PELUQUERIA,🔊,PACK COMBO GAMA PANCHITA + SECADOR - ELEGANCE AVOCADO,,$162.000,,
PELUQUERIA,🔊,PACK COMBO GAMA PANCHITA + SECADOR DIAMOND 4D KERASHINE,,$210.000,,
PELUQUERIA,🔊,PACK COMBO GAMA PANCHITA DUAL PLATES + SECADOR DIAMOND TITAN KERATIN,,$149.000,,
PELUQUERIA,💈,PLANCHA GAMA ELEGANCE LED COCO ALMOND BVT,,$97.000,,
PELUQUERIA,💈,PLANCHA GAMA BELLA TOURMALINE RED ION 450 / 230 C -,,$71.000,,
PELUQUERIA,💈,PLANCHA GAMA ELEGANCE LED AVOCADO BVT,,$107.000,,
PELUQUERIA,💈,PLANCHA GAMA ELEGANCE LED GOLD BVT - 8023277149397,,$104.000,,
PELUQUERIA,💈,PLANCHA PARA CABELLO BaBylissPRO Nano Titanium BNT4091TUZ Bivolt,,$162.000,,
PELUQUERIA,💈,PLancha PARA CABELLO BaBylissPRO Nano Titanium OPTIMA 3000 Bivolt,,$239.000,,
PELUQUERIA,💈,PLANCHITA PARA CABELLO GAMA ULTRA HEAT - SILK CHROME TITANIUM,,$190.000,,
PELUQUERIA,💈,RIZADOR GAMA NEW TOUR RGSTD-N 33MM BVT,,$58.000,,
PELUQUERIA,💈,RIZADOR GAMA RGSTD-N 25 AVOCADO BVT,,$71.000,,
PELUQUERIA,💈,RIZADOR GAMA SALON CURL AIRY 32 MM,,$75.000,,
PELUQUERIA,💈,SECADOR DE CABELLO FTX SUPERSONIC NURAL 1600 W - 220V,,$113.000,,
PELUQUERIA,💈,Secador de Cabelo BaBylissPRO B6300UZ 220V,,$126.000,,
PELUQUERIA,💈,Secador de Cabelo BaBylissPRO Nano Titanium B6176UZ 220V,,$110.000,,
PELUQUERIA,💈,SECADOR DE PELO 4000W / MARCA MOX / MO-HD4001 / CON DIFUSOR,,$23.000,,
PELUQUERIA,💈,SECADOR DE PELO 4000W / MARCA MOX / MO-HD4002 / NEGRO,,$17.000,,
PELUQUERIA,💈,SECADOR DE PELO 4000W / MARCA MOX / MO-HD4002 / ROJO,,$20.000,,
PELUQUERIA,💈,SECADOR DE PELO GAMA TEMPO 3D THERAPY,,$120.000,,
PELUQUERIA,💈,SECADOR GAMA BRILLIANT CERAMIC ION 220,,$68.000,,
PELUQUERIA,💈,SECADOR GAMA DIAMOND ST BLOOM PINK 220,,$71.000,,
PELUQUERIA,💈,SECADOR GAMA MISTRAL CERAMIC ION 220,,$58.000,,
PATINETAS Y MOTO ELECTRICA,🛴,PATINETA ELECTRICO Audisat HL12 com RUEDA de 12 PULGADAS HASTA 32 km/h - NEGRO,,$603.000,,
PATINETAS Y MOTO ELECTRICA,🛴,PATINETA ELECTRICO HNA-M9-3 / PARA ADULTO,,$467.000,,
PATINETAS Y MOTO ELECTRICA,🛴,PATINETA ELECTRICO INTERBRAS E-Scooter PRO 8.5 PULGADAS,,$384.000,,
PATINETAS Y MOTO ELECTRICA,🛴,Patinete Eléctrico Xiaomi Electric Scooter 5 Plus BHR080TGL Bluetooth 12 PULGADAS - 60Km,,$1.008.000,,
PATINETAS Y MOTO ELECTRICA,🛴,Patinete Elétrico Xiaomi Electric Scooter 4 Ultra 10 PULGADAS,,$1.057.000,,
PATINETAS Y MOTO ELECTRICA,🛴,Patinete Elétrico Xiaomi Electric Scooter 6 DDHBC31LQ - 12 PULGADAS - 25 KM/H,,$680.000,,
PATINETAS Y MOTO ELECTRICA,🛴,Patinete Elétrico Xiaomi Electric Scooter 6 Lite DDHBC26LQ - 10 PULGADAS - 25 KM/H,,$612.000,,
PATINETAS Y MOTO ELECTRICA,🛴,Patinete Elétrico Xiaomi Electric Scooter 6 Pro DDHBC11XB - 12 PULGADAS - 25 KM/H,,$918.000,,
PARLANTES,🔊,PARLANTE MOX / MO-S1209 / 12 PULGADAS CON MICROFONO,,$94.000,,
PARLANTES,🔊,PARLANTE MOX / MO-S804T / 8 PULGADAS / CON MICROFONO,,$49.000,,
OUKITEL,📱,Celular Oukitel C17 - 4 / 128 GB,,$213.000,,
OUKITEL,📱,Celular Oukitel C26 - 4 / 128 GB,,$210.000,,
OUKITEL,📱,Celular Oukitel C65 - 4 / 128 GB,,$190.000,,
OUKITEL,📱,Celular Oukitel C68 PLUS 4 RAM / 128 GB ALMACENAMIENTO - 7.2 PULGADAS,,$226.000,,
OUKITEL,📱,Celular Oukitel C68 PLUS 5 RAM / 512 GB ALMACENAMIENTO - 7.2 PULGADAS,,$316.000,,
OUKITEL,📱,Celular Oukitel C72 - 4 / 128 GB,,$242.000,,
OUKITEL,📱,Celular Oukitel P1 Pro Dual Chip 8 / 256GB 4G,,$371.000,,
NOTEBOOK LENOVO,💻,NOTEBOOK LENOVO IDEAPAD 1 82VG00WXUS AMD RYZEN 5 2.8GHz /8GB/256GB SSD/15.6/W11,,$751.000,,
NOTEBOOK LENOVO,💻,NOTEBOOK LENOVO IDEAPAD 5 83KU0013US AMD RYZEN AI 7 2.0GHz /16GB/SSD 1TB/16/W11 + TOUCH + PENCIL,,$1.443.000,,
NOTEBOOK LENOVO,💻,NOTEBOOK LENOVO IDEAPAD SLIM 3 -15ABR8- 82XM00LMUS AMD RYZEN 7 2.0GHz/16GB/512GB/15.6 + TOUCH,,$1.079.000,,
NOTEBOOK LENOVO,💻,NOTEBOOK LENOVO IDEAPAD SLIM 3 15AMN8 82XQ00RSUS 15.6 AMD RYZEN 5 7520U 8GB/512GB SSD + TOUCH,,$899.000,,
NOTEBOOK LENOVO,💻,NOTEBOOK LENOVO IDEAPAD SLIM 3 15IAN8 82XB00C2US Intel Core i3 1.8GHz / MEMORIA 8GB/UFS 128GB/15/WI,,$670.000,,
NOTEBOOK LENOVO,💻,NOTEBOOK LENOVO IDEAPAD SLIM 3 82X700EDUS INTEL CORE I5 1.3GHz /8GB/SSD 512GB/15.6/W11,,$947.000,,
NOTEBOOK LENOVO,💻,Notebook Lenovo IdeaPad Slim 3 82XQ012GUS AMD Ryzen 5 2.8GHz /RAM 8GB/SSD 256GB/15.6/W11,,$799.000,,
NOTEBOOK LENOVO,💻,Notebook Lenovo Idepad Slim 3 15IAN8 82XB00BMUS 15.6 Intel Core i3-N305 8GB Ram/256GB SSD-Abyss BluE,,$767.000,,
NOTEBOOK LENOVO,💻,NOTEBOOK LENOVO V15 G4 AMN 82YU00X4LM AMD RYZEN 3 2.4GHz /8GB/SSD 256GB/15.6/RJ45 + W11,,$741.000,,
NOTEBOOK LENOVO,💻,NOTEBOOK LENOVO V15 G5 IRL 83HFA08GUS INTEL CORE I7 2.5GHz /16GB/SSD 1TB/15.6 + W11,,$1.379.000,,
NOTEBOOK HP,💻,NOTEBOOK HP 14-DQ6101DX INTEL N150 3.6GHz /4GB DDR4/128GB UFS/ 14 + W11 (SILVER),,$493.000,,
NOTEBOOK HP,💻,NOTEBOOK HP 14-DQ6102DX INTEL N150 3.6GHz /4GB RAM DDR4/128GB UFS/14 + WINDOWS 11 (SILVER),,$496.000,,
NOTEBOOK HP,💻,NOTEBOOK HP 15-FC0146DX AMD RYZEN 5-7520U 8GB RAM LPDDR5 5500MHZ/512GB SSD/15.6 TOUCH + W11 (SILVER),,$909.000,,
NOTEBOOK HP,💻,NOTEBOOK HP 15-FD0005DX i5-1235U /8GB RAM DDR4 3200MHZ/512GB SSD/15.6 TOUCH + WINDOWS 11 (SILVER),,$1.089.000,,
NOTEBOOK HP,💻,NOTEBOOK HP 15-FD0113DX INTEL I3 1.8GHZ/8GB RAM DDR4 3200MHZ/128GB UFS/15.6 + W11 (SILVER),,$780.000,,
NOTEBOOK HP,💻,NOTEBOOK HP 15-FD0127DX INTEL I7 1.7GHZ /16GB DDR4 3200MHZ/512GB SSD/15.6 TOUCH + W11 (SILVER),,$1.411.000,,
NOTEBOOK HP,💻,NOTEBOOK HP 15-FD0130WM INTEL I3-N305 /8GB RAM DDR4 3200MHZ/256GB SSD/15.6 + W11 (AZUL),,$880.000,,
NOTEBOOK HP,💻,NOTEBOOK HP 15-FD0131WM INTEL CORE I3 1.8GHZ /8GB DDR4 3200MHZ/256 SSD/15.6 + W11 (SILVER),,$841.000,,
NOTEBOOK HP,💻,NOTEBOOK HP 15-FD0133WM INTEL I3 1.8GHZ /8GB DDR4 3200 MHZ/256GB SSD/15.6 + W11 (SILVER),,$847.000,,
NOTEBOOK HP,💻,NOTEBOOK HP 15-FD0154WM INTEL CORE ULTRA 5 125H/8GB DDR4 /512GB SSD/ 15.6 TOUCH + W11 (SILVER),,$1.111.000,,
NOTEBOOK HP,💻,NOTEBOOK HP 15-FD0250WM INTEL CORE i5 1.3GHz /8GB GB DDR4 3200MHZ/512GB SSD/15.6 + W11,,$1.089.000,,
NOTEBOOK HP,💻,NOTEBOOK HP 15-FD0557NR INTEL CORE i7 1.7GHz /12GB DDR4 3200MHZ/512GB SSD/ 15.6 + W11,,$1.317.000,,
NOTEBOOK HP,💻,Notebook HP 15-FD0684NR Intel Core 5-1334U/12GB/512GB SSD/15.6 pulgadas FHD/W11,,$1.115.000,,
NOTEBOOK HP,💻,NOTEBOOK HP 15-FD2050WM INTEL CORE ULTRA 5 1.5GHz /8GB DDR5 5600MHZ/512GB SSD/15.6 TOUCH + W11,,$1.089.000,,
NOTEBOOK HP,💻,NOTEBOOK HP 17-CP2025DX AMD RYZEN 5-7520U /8GB LPDDR5 5500MHZ/512GBSSD/17.3 + W11 (SILVER),,$941.000,,
NOTEBOOK HP,💻,NOTEBOOK HP OMNIBOOK 5 16-AF1017WM INTEL CORE ULTRA 7 5.2GHz /16GB LPDDR5X/1TB SSD/16 + W11 (SILVER),,$1.611.000,,
NOTEBOOK HP,💻,NOTEBOOK HP OMNIBOOK 5 16-AG1175CL AMD RYZEN AI 7 5.0GHz /16GB LPDDR5X 7500MHZ/1TB SSD/16 TOUCH+W11,,$1.517.000,,
NOTEBOOK HP,💻,NOTEBOOK HP OMNIBOOK 5 AI 16-AG1070WM AMD RYZEN AI 7 3.5GHz /16GB LPDDR5X/512GB SSD/16+W11 (SILVER),,$1.382.000,,
NOTEBOOK HP,💻,NOTEBOOK HP VICTUS 15-FA2013DX INTEL CORE i5 2.1GHz/8GB DDR5 3200MHZ/512GB SSD/RTX 3050 6GB/15.6+W11,,$1.469.000,,
NOTEBOOK DELL,💻,NOTEBOOK DELL 15 DC15250 INTEL CORE i3 1.2GHz/8GB DDR4 2666MHZ/512GB SSD/15.6+W11 (BLACK),,$818.000,,
NOTEBOOK DELL,💻,NOTEBOOK DELL 15 DC15250 INTEL CORE i5 4.6GHz/8GB DDR4 2666MHZ/512GB SSD/15.6 TOUCH + W11 (BLACK),,$992.000,,
NOTEBOOK DELL,💻,NOTEBOOK DELL 15 DC15255 AMD RYZEN 3 2.4GHz/8GB LPDDR5 5500MHZ/512GB SSD/15.6 + W11 (BLACK),,$825.000,,
NOTEBOOK DELL,💻,NOTEBOOK DELL 15 I3530-5623BLK INTEL CORE i5-1334U 1.3GHz/8GB DDR4/512GB SSD/15.6 TOUCH+W11 (BLACK),,$999.000,,
NOTEBOOK DELL,💻,NOTEBOOK DELL 15 LD15260-7140BLK INTEL CORE ULTRA 7 5.2GHz/16GB DDR5 5600MHZ/1TB SSD/15.6+W11 BLACK,,$1.478.000,,
NOTEBOOK DELL,💻,NOTEBOOK DELL 15 LDC15250-7427BLK-PUS INTEL CORE i7-1355U/16GB DDR5/512GB SSD/15.6 TOUCH+W11 (BLACK),,$1.343.000,,
NOTEBOOK DELL,💻,NOTEBOOK DELL 15 LDC15255-A407BLK AMD RYZEN 5 2.0GHz/8GB DDR4/512GB SSD/15.6 TOUCH + W11 (BLACK),,$957.000,,
NOTEBOOK ASUS,💻,NOTEBOOK ASUS E410KA-CL4128 14 PULGADAS INTEL CELERON N4500 4GB RAM/128GB SSD EMMC -,,$409.000,,
NOTEBOOK ASUS,💻,NOTEBOOK ASUS I3 VIVOBOOK E1504GA-WB31 1.8 GHZ /8GB/128GB SSD/W11S/15.6` /NEGRO,,$651.000,,
NOTEBOOK ASUS,💻,NOTEBOOK ASUS L510KA-ES04 INTEL CELERON 2.8GHz /RAM4GB/128GB EMMC/15.6/ W11,,$393.000,,
NOTEBOOK ASUS,💻,NOTEBOOK ASUS VIVOBOOK 14 X1404VA-I38128 INTEL CORE i3 1.2GHz / RAM 8GB/SSD 128GB/ 14 / WINDOWS 11,,$612.000,,
NOTEBOOK ASUS,💻,NOTEBOOK ASUS VIVOBOOK 16 F1605VA-WS74 INTEL CORE i7 5.0GHz /16GB/SSD 512GB/16/W11,,$1.279.000,,
NOTEBOOK ASUS,💻,Notebook Asus Vivobook Go 15 E510KA-BQ1202W 15.6 PULGADAS Intel Celeron N4500 4 GB DDR4 128 GB SSD + W11,,$445.000,,
NOTEBOOK ASUS,💻,NOTEBOOK ASUS VIVOBOOK GO E1504FA-WS51 AMD RYZEN 5 2.8GHz/8GB/SSD 512GB/15.6/ W11,,$793.000,,
NOTEBOOK ASUS,💻,NOTEBOOK ASUS VIVOBOOK GO E1504GA-WS35 INTEL CORE i3 1.8GHz /8GB/SSD 256GB/15.6 /W11,,$767.000,,
NOTEBOOK ASUS,💻,NOTEBOOK ASUS VIVOBOOK X1504VA-BQ598W I5 1.4GHz /8GB/SSD 512GB/15.6/W11,,$970.000,,
NOTEBOOK ACER,💻,Notebook Acer Nitro V 15 ANV15-52-778V Intel Core i7 2.4GHz /RAM16GB/SSD 512GB/15.6/W11/RTX 5050 6GB,,$2.087.000,,
Notebook,💻,Notebook FTX N14-C2564ES Intel Celeron 1.1GHz / Memória 4GB / SSD 256GB / 14 / W11 + FUNDA,,$329.000,,
NOKIA,📱,Nokia 106,,$20.000,,
NOKIA,📱,NOKIA 110 - 4G,,$39.000,,
MOUSE + TECLADO,⌨️​​,KIT TECLADO + MOUSE - MO-K351 + MOUSEPAD - CON CABLE,,$26.000,,
MOUSE + TECLADO,⌨️​​,KIT TECLADO + MOUSE - MO-K351 - + MOUSEPAD INALAMBRICO,,$26.000,,
MOUSE + TECLADO,⌨️​​,TECLADO + MOUSE SATE AK-75G,,$42.000,,
MOUSE + TECLADO,⌨️​​,TECLADO + MOUSE WIR FTX KM250 MULT/NUM/ESP/NEGRO,,$36.000,,
MOUSE + TECLADO,⌨️​​,TECLADO + MOUSE WIR FTX KM400 MULT/NUM/ESP/NEGRO-GRIS,,$42.000,,
MOUSE + TECLADO,⌨️​​,TECLADO + MOUSE WIR/BT FTX KM500 NUM/ESPAÑOL/RECARGABLE/NEGRO,,$65.000,,
MOUSE + TECLADO,⌨️​​,TECLADO + MOUSE WIR/BT FTXGK02 TECLADO NUMERICO /GOLD / 106135,,$68.000,,
MOUSE + TECLADO,⌨️​​,TECLADO + MOUSE WIR/BT FTXGK03 TECLADO NUMERICO / BLANCO / 099598,,$39.000,,
MOUSE + TECLADO,⌨️​​,Teclado FTX B105 Bluetooth,,$39.000,,
MOUSE + TECLADO,⌨️​​,Teclado Logitech MK270 Wireless Com Mouse,,$68.000,,
MOUSE + TECLADO,⌨️​​,Teclado Redragon S136 RGB USB Com Mouse,,$207.000,,
MOUSE + TECLADO,⌨️​​,Teclado Satellite AK-910 Português USB - NEGRO,,$26.000,,
MOUSE,🖱️​​,MOUSE CONTOUR WIRELESS - NEGRO,,$26.000,,
MOUSE,🖱️​​,Mouse Gaming INALAMBRICO Redragon Mirage M690 USB - 4.800 DPI - NEGRO CON ROJO,,$75.000,,
MOUSE,🖱️​​,Mouse Inalambrico Quanta QTMS20,,$26.000,,
MOUSE,🖱️​​,Mouse Logitech G203 RGB Óptico CON CABLE USB,,$62.000,,
MOUSE,🖱️​​,Mouse Logitech M110 Silent Óptico CON CABLE USB,,$26.000,,
MOUSE,🖱️​​,Mouse Logitech M170 Óptico Wireless,,$29.000,,
MOUSE,🖱️​​,MOUSE PAD GELL CON SOPORTE,,$26.000,,
MOUSE,🖱️​​,MOUSE PATRIOT V551 RGB- USB - GAMER,,$49.000,,
MOUSE,🖱️​​,Mouse Satellite A-40 Óptico CON CABLE USB,,$20.000,,
MOUSE,🖱️​​,MOUSE WIR FTX MW73 2400 DPI /4 BOT/ NEGRO,,$23.000,,
MOUSE,🖱️​​,MOUSE XIAOMI WIRELESS XMWXSB04YM 1.200 Dpi,,$36.000,,
Motorola,📷,CAMARA DE BEBE - Babá Eletrônica Motorola VM481 de 2 PULGADAS com VISION NOCTURNA,,$107.000,,
Motorola,📱,Celular Motorola Edge 60 Fusion XT-2503 Dual Chip 8 / 256 GB - 5G,,$448.000,,
Motorola,📱,Celular Motorola MOTO Edge 60 - 256GB / 8GB Ram,,$477.000,,
Motorola,📱,Celular Motorola Moto G17 Power XT2623-5 NFC Dual Sim de 256GB/8GB Ram,,$400.000,,
Motorola,📱,Celular Motorola Moto G47 5G XT2625-2 NFC Dual SIM de 128GB 8GB RAM,,$377.000,,
Motorola,📱,Celular Motorola Moto G77 XT2621-3 NFC Nano + Esim de 256GB/8GB Ram,,$464.000,,
Motorola,❌,Garantia Moto G73 8 256 gb - VALENTIN,,$58.000,,
Motorola,📱,MOTO E15 - 4G - 2 / 64 GB,,$178.000,,
Motorola,📱,MOTO EDGE 50 5G 12 / 512 GB,,$506.000,,
Motorola,📱,MOTO EDGE 50 FUSION 8 256 GB,,$435.000,,
Motorola,📱,MOTO EDGE 60 PRO 5G DS - 12 / 256 GB,,$696.000,,
Motorola,📱,MOTO EDGE 60 PRO 5G DS - 8 / 256 GB,,$661.000,,
Motorola,📱,MOTO EDGE 60 PRO 5G DS / 12 RAM / 512GB,,$857.000,,
Motorola,📱,MOTO EDGE 70 - 8 / 256 GB - 5G,,$770.000,,
Motorola,📱,MOTO G06 - 4 / 128 GB - 4G,,$242.000,,
Motorola,📱,MOTO G06 - 4 / 256 GB - 4G,,$248.000,,
Motorola,📱,MOTO G06 - 4 / 64 GB - 4G,,$190.000,,
Motorola,📱,MOTO G15 - 4G - 4 / 128 GB,,$245.000,,
Motorola,📱,MOTO G15 - 4G - 4 / 256 GB,,$277.000,,
Motorola,📱,MOTO G15 4G - 8 / 128 GB,,$261.000,,
Motorola,📱,MOTO G35 - 5G - 4 / 256 GB,,$326.000,,
Motorola,📱,MOTO G56 5G - 12 / 256 GB,,$429.000,,
Motorola,📱,MOTO G56 5G 256GB / 8GB Ram - 5G,,$406.000,,
Motorola,📱,Moto G86 Power 5G - 8 / 256 GB,,$474.000,,
Motorola,📱,Moto G86 Power 5G - 8 / 512 GB,,$506.000,,
Motorola,📱,Motorola Edge 60 Fusion XT-2503 Dual Chip 12 / 256GB 5G,,$522.000,,
Motorola,📱,Motorola Edge 60 Neo 5G XT2509-1 NFC Nano + Esim de 256GB/8GB Ram,,$558.000,,
Motorola,📱,Motorola Edge 70 Fusion XT2605-3 DS 5G 8/256GB -,,$696.000,,
Motorola,📱,MOTOROLA MOTO G15 POWER 8 / 256 GB --,,$294.000,,
Motorola,📱,Motorola Moto G57 256GB 8GB Ram,,$409.000,,
Motorola,📱,Motorola Moto G57 Power 5G XT-2537-5 256GB 12GB Ram,,$445.000,,
Motorola,📱,Motorola MOTO G86 XT2527-1 - 5G - 8 / 256GB,,$471.000,,
Motorola,⌚,RELOJ MOTOROLA - MOTO WATCH 100,,$126.000,,
Motorola,⌚,RELOJ MOTOROLA - MOTO WATCH 70,,$81.000,,
MOPAS,🧺,MOPA - TRAPEADORA - JEFFY LE CHEF,,$26.000,,
MOPAS,🧺,MOPA - TRAPEADORA - S/ CAJA X 5 UNIDAD,,$17.000,,
MONITOR,🖥️,MONITOR 22` FTX M22VHDBZL / FHD / 75HZ - 11085,,$139.000,,
MONITOR,🖥️,MONITOR BAK 15.6 BK-P1563-T FULL HD MINI HDMI PORTATIL,,$303.000,,
MONITOR,🖥️,Monitor Curvo Samsung Curved CF390 C24F390FHN de 24` Full HD 16:9 4 ms GTG com VGA HDMI,,$207.000,,
MONITOR,🖥️,MONITOR FTX 19 PULGADAS - M19VHDBZL HD/VGA/HDMI/75HZ/5MS - FTXQ1901,,$104.000,,
MONITOR,🖥️,MONITOR FTX 22 PULGADAS - M22VHDBZL - FHD/VGA/HDMI/75HZ/5MS - FTXQ2201,,$136.000,,
MONITOR,🖥️,Monitor Gamer Curvo Mtek M27SFV240C de 27 - Full HD 1 ms MPRT com HDMI e DisplayPort,,$380.000,,
MONITOR,🖥️,Monitor Gamer Curvo Samsung Essential S3 LS27D366GANXZA de 27 PULGADAS Full HD 16:9 100HZ 4 MS GTR C,,$310.000,,
MONITOR,🖥️,Monitor Gamer Xiaomi G24I 2026 P24FDA-RGGL de 23.8 PULGADAS Full HD 200HZ 1 MS GTG com Displayport/H,,$252.000,,
MONITOR,🖥️,Monitor HYE LED HY27VIEW75 Full HD 27 PULGADAS Curvo,,$261.000,,
MONITOR,🖥️,"MONITOR LED LG 22MP410-B 21,5",,$190.000,,
MONITOR,🖥️,MONITOR MSI 22 PULGADAS MP225V FLAT 100HZ,,$168.000,,
MONITOR,🖥️,"Monitor MSI Pro LED MP241X Full HD 23.8""",,$245.000,,
MONITOR,🖥️,Monitor Samsung Essential S3 LED LS27F320GAN Full HD 27 PULGADAS,,$265.000,,
MONITOR,🖥️,"Monitor Samsung LED LS24D366GAN Full HD 24"" Curvo",,$216.000,,
MONITOR,🖥️,Monitor Samsung S3 S30GB Essential 27 PULGADAS Ips 100HZ 5MS Game Mode 1-VGA/1-HDMI - LS27D300GANXZA,,$284.000,,
MONITOR,🖥️,Monitor Xiaomi A24i P24FBA-RAGL de 23.8 PULGADAS Full HD 16:9 100Hz 6 ms com DisplayPort HDMI,,$194.000,,
MOCHILAS,🔹,MOCHILA 15.6 FTX ONE - NEGRO,,$62.000,,
MOCHILAS,🔹,MOCHILA 15.6 PULGADAS FTX TERRA-BL AZUL,,$49.000,,
MOCHILAS,🔹,MOCHILA 15.6 PULGADAS FTX TERRA-GN VERDE,,$49.000,,
MOCHILAS,🔹,MOCHILA 15.6 PULGADAS FTX URBAN GO - GRIS,,$29.000,,
MIXTERA/SANDWICHERAS,🍳,SANDWICHERA GRILL - MARCA MARYLAND MR-1012 / 2000W,,$55.000,,
MICROONDAS,🍳,HORNO MICROONDAS MARCA SPEED 20L 700W NEGRO - ESPEJADO,,$200.000,,
MICROONDAS,🍳,HORNO MICROONDAS MARCA SPEED 30L 900W NEGRO - ESPEJADO,,$232.000,,
MICROONDAS,🍳,MICROONDA 25 LITROS - WESTINHOUSE - EG9P02,,$200.000,,
MICROONDAS,🍳,MICROONDA 30 LITROS QUANTA FRENTE INOX C/ GRILL QTDM30,,$203.000,,
MICROONDAS,🍳,MICROONDA 31 LITROS - WESTINHOUSE - EG0P04,,$229.000,,
MICROONDAS,🍳,MICROONDA COOKWAVE 20 LITROS QUANTA BLANCO QTMD20,,$155.000,,
MICROONDAS,🍳,MICROONDAS MIDAS 20 LITROS MD-MOG20LM,,$149.000,,
MICROFONOS,🎙️,Microfone Hollyland Lark A1 Combo,,$123.000,,
MICROFONOS,🎙️,MICROFONO INALAMBRICO para Smartphone Audisat X VLOG com USB-C,,$33.000,,
MICROFONOS,🎙️,MICROFONO Inalámbrico para Smartphone Boya BY-V10 con USB-C - Negro,,$62.000,,
MICROFONOS,🎙️,MicrofonO INALAMBRICO para Smartphone Boya BY-V20 com USB-C - NEGRO,,$84.000,,
MICROFONOS,🎙️,MICROFONO Inalámbrico para Smartphone Hollyland Lark M2 com USB-C,,$174.000,,
MICROFONOS,🎙️,MICROFONO JBL Easysing Mics 2026 - Preto 2 PIEZAS,,$242.000,,
MICROFONOS,🎙️,MICROFONO JBL Quantum Stream Studio Cardióide/Omnidirecional com USB,,$181.000,,
MEMORIAS Y DISCOS,💾,Disco Externo SEAGATE 1 TB,,$300.000,,
MEMORIAS Y DISCOS,💾,Disco Externo SEAGATE 2 TB,,$323.000,,
MEMORIAS Y DISCOS,💾,MEMORIA MICRO SD. SANDISK ULTRA 128 GB,,$55.000,,
MEMORIAS Y DISCOS,💾,MEMORIA MICRO SD. SANDISK ULTRA 256 GB,,$94.000,,
MEMORIAS Y DISCOS,💾,MEMORIA MICRO SD. SANDISK ULTRA 64 GB,,$36.000,,
MEMORIAS Y DISCOS,💻,MEMORIA PARA NOTEBOOK RAM FTX 16 GB 3200 MHZ DDR4,,$190.000,,
MEMORIAS Y DISCOS,💾,PENDRIVE 128 GB,,$49.000,,
MEMORIAS Y DISCOS,💾,Pendrive 32 gb,,$23.000,,
MEMORIAS Y DISCOS,💾,Pendrive Sandisk Z430 Ultra Fit 128 GB,,$55.000,,
MALLAS APPLE,⌚,MALLA PARA RELOJ APPLE - 38 / 40 / 41 / NEW 42 MM,,$10.000,,
MALLAS APPLE,⌚,MALLA PARA RELOJ APPLE - 38 / 40 / 41 MM,,$10.000,,
MALLAS APPLE,⌚,MALLA PARA RELOJ APPLE - 38 MM,,$10.000,,
MALLAS APPLE,⌚,MALLA PARA RELOJ APPLE - 42 / 44 / 45 / 49 MM,,$10.000,,
MALLAS APPLE,🖥️,PROTECTOR PANTALLA PARA APPLE WATCH,,$13.000,,
MACBOOK APPLE,💻,Apple Macbook Neo A3404 MHFA4LL (2026) de 13 PULGADAS - A18 Pro 8GB Ram/256GB SSD - Silver,,$1.417.000,,
MACBOOK APPLE,💻,Apple Macbook Neo A3404 MHFA4LL (2026) de 13 PULGADAS - A18 Pro 8GB Ram/256GB SSD - INDIGO,,$1.417.000,,
MACBOOK APPLE,💻,Apple Macbook Neo A3404 MHFC4LL (2026) de 13 PULGADAS A18 Pro 8GB Ram/512GB SSD - Silver,,$1.601.000,,
MACBOOK APPLE,💻,Apple Macbook Neo A3404 MHFD4LL (2026) de 13 PULGADAS - A18 Pro 8GB Ram/256GB SSD - Citrus Yellow,,$1.417.000,,
MACBOOK APPLE,💻,Apple Macbook Neo A3404 MHFH4LL (2026) de 13 PULGADAS - A18 Pro 8GB Ram/256GB SSD - Blush,,$1.417.000,,
LINEA VICTORIA SECRETS,🧴,Colonia Feminina Victorias Secret Amber Romance Brume Parfumée 250 ML,,$23.000,,
LINEA VICTORIA SECRETS,🧴,Colonia Feminina Victorias Secret Aqua Kiss 250 ML,,$26.000,,
LINEA VICTORIA SECRETS,🧴,ColOnia Feminina Victorias Secret Bare Vanilla 250 ML,,$26.000,,
LINEA VICTORIA SECRETS,🧴,ColOnia Feminina VictoriaS Secret Coconut Passion 250 ML,,$26.000,,
LINEA VICTORIA SECRETS,🧴,ColOnia Feminina Victorias Secret Coconut Passion Shimmer 250 ML,,$26.000,,
LINEA VICTORIA SECRETS,🧴,ColOnia Feminina Victorias Secret Love Spell 250 ML,,$26.000,,
LINEA VICTORIA SECRETS,🧴,ColOnia Feminina Victorias Secret Love Spell Shimmer Brume Parfumée 250 ML,,$29.000,,
LINEA VICTORIA SECRETS,🧴,ColOnia Feminina Victorias Secret Midnight Bloom 250 ML,,$26.000,,
LINEA VICTORIA SECRETS,🧴,ColONia Feminina Victorias Secret Velvet Petals Shimmer Brume Parfumée 250 ML,,$26.000,,
LINEA VICTORIA SECRETS,🧴,ColOnia Spray Feminino Victorias Secret Wild Neroli Mist Brume Parfumée 250 ML,,$26.000,,
LINEA VICTORIA SECRETS,🧴,ColOnia Victorias Secret Pure Seduction - 250ML,,$26.000,,
LINEA VICTORIA SECRETS,🔹,LOCION CORPORAL Feminina Victorias Secret Love Spell 250 ML,,$33.000,,
LINEA VICTORIA SECRETS,🔹,LOCION Corporal Victorias Secret Aqua Kiss 236ML,,$26.000,,
LINEA VICTORIA SECRETS,🔹,LOCION Corporal Victorias Secret Bare Vanilla 250ML,,$33.000,,
LINEA VICTORIA SECRETS,🔹,LOCION Corporal Victorias Secret Bare Vanilla SHIMMER 236 ML,,$36.000,,
LINEA VICTORIA SECRETS,🔹,LOCION Corporal Victorias Secret Coconut Passion 236ML,,$29.000,,
LINEA VICTORIA SECRETS,🔹,LOCION Corporal Victorias Secret Pure Seduction 236ML,,$26.000,,
LINEA VICTORIA SECRETS,🔹,LOCION Corporal Victorias Secret SUMMER IN THE SUN 236 ML,,$36.000,,
LINEA VICTORIA SECRETS,🔹,Locion Corporal Victorias Secret Velvet Petals 236ML,,$29.000,,
LINEA VICTORIA SECRETS,🔹,LOCION Hidratante Victorias Secret Amber Romance 236 ML,,$26.000,,
LINEA VICTORIA SECRETS,🔹,LOCION Hidratante Victorias Secret Midnight Bloom 236 ML,,$26.000,,
LINEA VICTORIA SECRETS,🔹,Victorias Secret KIT 12 PIEZAS 75 ML,,$168.000,,
LICUADORAS,🍹,EXPRIMIDORA DE CITRICOS MJP10 - MADEMSA NEGRA -,,$36.000,,
LICUADORAS,🍹,LICUADORA 1.5 LITROS - BLANCO - BIONICA,,$20.000,,
LICUADORAS,🍹,LICUADORA 1.5 LITROS - MARCA MOX- JARRA PLASTICO- NEGRO...,,$20.000,,
LICUADORAS,🍹,LICUADORA 1.5 LITROS - NEGRO - BIONICA,,$20.000,,
LICUADORAS,🍹,LICUADORA 1.5 LITROS - ROJO- BIONICA,,$20.000,,
LICUADORAS,🍹,LICUADORA 1.5 LITROS / JEFFY LE CHEF / KLD-999,,$20.000,,
LICUADORAS,🍹,LICUADORA 1.6 L / 3 EN 1 / JARRA PLASTICO / ANNECY OG-6491 / 600W / MULTIPROCESADOR,,$49.000,,
LICUADORAS,🍹,LICUADORA 2 LITROS / MARYLAND MR-202 / 650 WATTS,,$36.000,,
LICUADORAS,🍹,LICUADORA 2.5 LITROS MARCA RAF R.2809 - 2400W -,,$36.000,,
LICUADORAS,🍹,LICUADORA MARYLAND MR-2002 - 650W,,$29.000,,
LICUADORAS,🍹,LICUADORA MARYLAND MR-2004 / 1200 W / 2 LITROS,,$36.000,,
LICUADORAS,🍹,LICUADORA MOX 1.5 LITROS - MO-LC62 - JARRA ALUMINIO C/ MIXER DE VIDRIO - 650W,,$36.000,,
LICUADORAS,🍹,LICUADORA PERSONAL MARYLAND MR-PB101 CON 2 VASOS 750 ML,,$29.000,,
LICUADORAS,🍹,LICUADORA RAF R295 - 2 EN 1 - 1.5 LITROS,,$36.000,,
LICUADORAS,🍹,LICUADORA RAF R367 - 2 EN 1 - 1.5 LITROS,,$33.000,,
LENTES,👓,OCULUS MIU MIU FEM,,$777.000,,
LENOVO,💻,Notebook Lenovo IdeaPad Slim 3 82XQ012HUS AMD Ryzen 5 2.8GHz/RAM 8GB /SSD 512GB/15.6/W11,,$999.000,,
LECTOR DE CODIGOS DE BARRAS,🔹,LECTOR DE CODIGO DE BARRA QUANTA QTLCB200,,$68.000,,
LECTOR DE CODIGOS DE BARRAS,🔹,LECTOR DE CODIGO DE BARRAS QUANTA QTLCB100BT,,$110.000,,
LECTOR DE CODIGOS DE BARRAS,🔹,LECTOR DE CODIGO de Barras Satellite A-SCAN01,,$49.000,,
LECTOR DE CODIGOS DE BARRAS,🔹,LECTOR de Código de Barras Satellite A-SCAN02 Wireless,,$78.000,,
LAVASECARROPA,🧺,LAVASECARROPA BGH 10 KG / 7 KG CARGA FRONTAL BLANCO INVERTER,,$686.000,,
LAVASECARROPA,🧺,LAVASECARROPA WHITE-WESTINGHOUSE -12 / 8 KILO - INOX GRIS,,$738.000,,
LAVASECARROPA,🧺,SECARROPAS PLEGABLE VESTAX 220V 10 KG C/ RUEDAS DH-1000,,$78.000,,
LAVARROPAS,🧺,LAVARROPA 10 KG CARGA FRONTAL ALTECH,,$693.000,,
LAVARROPAS,🧺,LAVARROPA 12 KILOS ALTECH CARGA SUPERIOR - BLANCO,,$455.000,,
LAVARROPAS,🧺,LAVARROPA AUTOMATICA MIDAS BELEN CARGA SUPERIOR 8 KG MD-HSBELEN8 NEGRO,,$403.000,,
LAVARROPAS,🧺,LAVARROPA HD PLAY 6 KG CARGA FRONTAL - BLANCO,,$458.000,,
LAVARROPAS,🧺,LAVARROPA MADEMSA AUTOMATICA INOX 9.5 KG,,$451.000,,
LAVARROPAS,🧺,LAVARROPA MARCA MIDEA CARGA FRONTAL 6 KILO,,$461.000,,
LAVARROPAS,🧺,LAVARROPA MIDAS CARGA FRONTAL 6 KG BLANCO,,$445.000,,
LAVARROPAS,🧺,LAVARROPA MIDEA AUTOMATICO 8 KG CARGA SUPERIOR,,$409.000,,
LAVARROPAS,🧺,LAVARROPA QUANTA YERUTI 6 KG - CARGA FRONTAL - QTLCF6,,$429.000,,
LAVARROPAS,🧺,LAVARROPA QUANTA YERUTI 8 KG - CARGA FRONTAL - QTLCF8,,$525.000,,
LAVARROPAS,🧺,LAVARROPA SAMSUNG 24 KG - ECO BUBBLE - CARGA SUPERIOR - NEGRO - WA2A8370GV,,$1.044.000,,
LAVARROPAS,🧺,LAVARROPA SAMSUNG 8KG - CARGA SUPERIOR - INVERTER,,$442.000,,
LAVARROPAS,🧺,LAVARROPA SEMI AUTOMATICA / LATINA / 10 KG / 7 PROGRAMAS DE LAVADO,,$216.000,,
LAVARROPAS,🧺,LAVARROPA SEMIAUTOMATICA - MARCA SUGGAR - LAVAMAX 15 KG,,$213.000,,
LAVARROPAS,🧺,LAVARROPA SEMIAUTOMATICA LCT 6 KG COLORMAQ GRIS,,$158.000,,
LAVARROPAS,🧺,LAVARROPA SUPER LIS 6 KG - WANKE - WLSL6K,,$178.000,,
LAVARROPAS,🧺,LAVARROPA TCL AUTOMATICO 6 KG INVERTER - TCL60 - P606FLW - CARGA FRONTAL,,$487.000,,
LAVARROPAS,🧺,LAVARROPA TOKYO CECILIA - AUTOMATICA - CARGA FRONTAL 6 KG,,$487.000,,
LAVARROPAS,🧺,LAVARROPA WHIRLPOOL 8.5 KG - CARGA SUPERIOR - WWI08BS9LS,,$496.000,,
LAVARROPAS,🧺,Lavarropas Automático Carga Frontal AIWA 6KG Inverter - Blanco | AWLT06SW,,$484.000,,
LAVARROPAS,🧺,Lavarropas Automático Carga Frontal AIWA 6KG Inverter - Gris | AWLT06SG,,$538.000,,
LAVARROPAS,🧺,LAVARROPAS MABE CARGA SUPERIOR 9.5KG DIAMOND,,$406.000,,
LAVARROPAS,🧺,"Lavarropas MARCA Level 7kg, Carga Frontal COLOR BLANCO INVERTER",,$438.000,,
JOOG,🔊,PARLANTE Joog Break X2 Karaoke C/ PANTALLA LCD 10.1 - Bluetooth/Wifi - NEGRO,,$735.000,,
JOOG,🔊,PARLANTE JOOG ONE Hifi JOF-01 X2 Microfone 9000MAH 200W - Camuflado,,$422.000,,
JOOG,🔊,PARLANTE JOOG ONE Hifi JOF-01 X2 Microfone/ 9000MAH/ 200W - NEGRO,,$422.000,,
Jbl,🔋,BATERIA JBL 200 PARA PARTYBOX CLUB 120,,$100.000,,
Jbl,🔋,"BATERIA JBL 400,, PARA JBL STAGE 320 / XTREME 4 -",,$149.000,,
Jbl,🔊,Boombox 3 Negro,,$712.000,,
Jbl,🔊,Charge 5 Camuflado,,$271.000,,
Jbl,🔊,CHARGE 5 GRIS,,$271.000,,
Jbl,🔊,Charge 5 NEGRO,,$271.000,,
Jbl,🔊,Charge 5 Rojoo,,$271.000,,
Jbl,🔊,CHARGE 5 VERDE AGUA,,$271.000,,
Jbl,🔊,CLIP 4 VERDE/LILA,,$94.000,,
Jbl,🔊,FUNDA JBL P/ PARTYBOX CLUB 120,,$97.000,,
Jbl,🔊,FUNDA JBL P/ PARTYBOX ENCORE 2,,$78.000,,
Jbl,🔊,FUNDA JBL P/ PARTYBOX STAGE 320,,$116.000,,
Jbl,🔊,JBL BOOMBOX 3 NEGRO - CON WIFI,,$764.000,,
Jbl,🔊,JBL Boombox 4 com 210 Watts RMS Bluetooth/USB-C - AZUL,,$867.000,,
Jbl,🔊,JBL Boombox 4 com 210 Watts RMS Bluetooth/USB-C - BLANCO,,$867.000,,
Jbl,🔊,JBL Boombox 4 com 210 Watts RMS Bluetooth/USB-C - CAMUFLADO,,$867.000,,
Jbl,🔊,JBL Boombox 4 com 210 Watts RMS Bluetooth/USB-C - NARANJA,,$867.000,,
Jbl,🔊,JBL Boombox 4 com 210 Watts RMS Bluetooth/USB-C - NEGRO,,$867.000,,
Jbl,🔊,JBL CHARGE 6 - AZUL,,$274.000,,
Jbl,🔊,JBL CHARGE 6 - BLANCO,,$274.000,,
Jbl,🔊,JBL CHARGE 6 - LILA,,$274.000,,
Jbl,🔊,JBL CHARGE 6 - NEGRO,,$274.000,,
Jbl,🔊,JBL CHARGE 6 - ROJO,,$274.000,,
Jbl,🔊,JBL CHARGE 6 - ROSADO,,$274.000,,
Jbl,🔊,JBL CINEMA SOUNDBAR SB180,,$416.000,,
Jbl,🔊,JBL CLIP 5 - AZUL,,$97.000,,
Jbl,🔊,JBL CLIP 5 - BLANCO,,$97.000,,
Jbl,🔊,JBL CLIP 5 - LILA,,$97.000,,
Jbl,🔊,JBL CLIP 5 - NEGRO,,$97.000,,
Jbl,🔊,JBL CLIP 5 - ROJO,,$97.000,,
Jbl,🔊,JBL EON 715 15 PULGADAS- NEGRO,,$1.156.000,,
Jbl,🔊,JBL FLIP 6 AZUL,,$197.000,,
Jbl,🔊,JBL FLIP 6 CAMUFLADO,,$181.000,,
Jbl,🔊,JBL FLIP 6 GRIS,,$181.000,,
Jbl,🔊,JBL FLIP 6 ROJO,,$181.000,,
Jbl,🔊,JBL FLIP 6 VERDE AGUA,,$181.000,,
Jbl,🔊,JBL FLIP 7 - AZUL,,$194.000,,
Jbl,🔊,JBL FLIP 7 - BLANCO,,$194.000,,
Jbl,🔊,JBL FLIP 7 - CAMUFLADO,,$194.000,,
Jbl,🔊,JBL FLIP 7 - LILA,,$194.000,,
Jbl,🔊,JBL FLIP 7 - NEGRO,,$194.000,,
Jbl,🔊,JBL FLIP 7 - ROSADO,,$194.000,,
Jbl,🔊,JBL GO 4 AZUL,,$78.000,,
Jbl,🔊,JBL GO 4 BLANCO,,$78.000,,
Jbl,🔊,JBL GO 4 CAMUFLADO,,$78.000,,
Jbl,🔊,JBL GO 4 LILA,,$78.000,,
Jbl,🔊,JBL GO 4 NEGRO,,$78.000,,
Jbl,🔊,JBL GO 4 ROJO,,$78.000,,
Jbl,🔊,JBL GO 5 - AMARILLO,,$97.000,,
Jbl,🔊,JBL GO 5 - AZUL,,$97.000,,
Jbl,🔊,JBL GO 5 - BLANCO,,$97.000,,
Jbl,🔊,JBL GO 5 - CAMUFLADO,,$97.000,,
Jbl,🔊,JBL GO 5 - LILA,,$97.000,,
Jbl,🔊,JBL GO 5 - NARANJA,,$97.000,,
Jbl,🔊,JBL GO 5 - NEGRO,,$97.000,,
Jbl,🔊,JBL GO 5 - ROJO,,$97.000,,
Jbl,🔊,JBL GO 5 - ROSADO,,$97.000,,
Jbl,🔊,JBL Go Essential - AZUL,,$55.000,,
Jbl,🔊,JBL Go Essential - NEGRO,,$55.000,,
Jbl,🔊,JBL Go Essential - ROJO,,$55.000,,
Jbl,🔊,JBL Go Essential 2 - AZUL,,$65.000,,
Jbl,🔊,JBL Go Essential 2 - NEGRO,,$65.000,,
Jbl,🔊,JBL Go Essential 2 - ROJO,,$65.000,,
Jbl,🔊,JBL Grip Bluetooth - Azul,,$145.000,,
Jbl,🔊,JBL Grip Bluetooth - BLANCO,,$145.000,,
Jbl,🔊,JBL Grip Bluetooth - CAMUFLADO,,$145.000,,
Jbl,🔊,JBL Grip Bluetooth - LILA,,$145.000,,
Jbl,🔊,JBL Grip Bluetooth - NEGRO,,$145.000,,
Jbl,🔊,JBL Grip Bluetooth - ROJO,,$145.000,,
Jbl,🔊,JBL MAX 15 - Bluetooth,,$822.000,,
Jbl,🔊,JBL Partybox 330 Bluetooth - BLANCO,,$983.000,,
Jbl,🔊,JBL Partybox 330 Bluetooth - NEGRO,,$983.000,,
Jbl,🔊,Jbl partybox 710,,$1.089.000,,
Jbl,🔊,JBL PARTYBOX 720,,$1.688.000,,
Jbl,🔊,JBL Partybox Club 130 200 Watts RMS com Bluetooth/USB-C - BLANCO,,$767.000,,
Jbl,🔊,JBL Partybox Club 130 200 Watts RMS com Bluetooth/USB-C - NEGRO,,$767.000,,
Jbl,🔊,JBL PartyBox Encore 2 Plus Bluetooth,,$770.000,,
Jbl,🔊,JBL PARTYBOX ENCORE 2 TH + 2 MICROFONOS,,$773.000,,
Jbl,🔊,JBL PartyBox On The Go *Essential* USB / Bluetooth,,$500.000,,
Jbl,🔊,JBL PartyBox On The Go - 2 USB / Bluetooth,,$625.000,,
Jbl,🔊,JBL PARTYBOX STAGE 320 - BLANCO,,$963.000,,
Jbl,🔊,JBL PARTYBOX STAGE 320 - NEGRO,,$963.000,,
Jbl,🔊,JBL PARTYBOX ULTIMATE - 1100 W -,,$2.509.000,,
Jbl,🔊,JBL Portátil Partybox 520 BT Ai Sound Boost,,$1.079.000,,
Jbl,🔊,JBL SOUNDBAR 500MK2 USB / Bluetooth,,$806.000,,
Jbl,🔊,JBL XTREME 4 AZUL,,$471.000,,
Jbl,🔊,JBL XTREME 4 NEGRO,,$471.000,,
Jbl,🔊,JBL XTREME 5 - AZUL,,$580.000,,
Jbl,🔊,JBL XTREME 5 - CAMUFLADO,,$580.000,,
Jbl,🔊,JBL XTREME 5 - NEGRO,,$580.000,,
Jbl,🔊,LUZ JBL PARTY LIGHT BEAM,,$197.000,,
Jbl,🔊,MICROFONO JBL PACK X2,,$229.000,,
Jbl,🔊,PARTYBOX CLUB 120 - BLANCO,,$625.000,,
Jbl,🔊,PARTYBOX CLUB 120 - NEGRO,,$625.000,,
Jbl,🔊,PEDESTAL PARA PARLANTES,,$36.000,,
Jbl,🔊,SOUNDBAR JBL Cinema SB510 USB / Bluetooth,,$294.000,,
ITEL,📱,Celular Itel A200 - 128 GB / 3GB RaM,,$190.000,,
ITEL,📱,Celular Itel A200 - 64GB / 3GB RaM,,$162.000,,
ITEL,📱,ITEL A90 A6610L LTE DUAL 6.6 PULGADAS - 4 / 256 GB ---,,$219.000,,
ITEL,📱,ITEL CITY 100 - 6.75 - 4 / 128,,$190.000,,
ITEL,📱,ITEL CITY 100 - 6.75 - 4 / 256 GB,,$219.000,,
ITEL,📱,ITEL P55 8 256 GB,,$210.000,,
ITEL,📱,ITEL P55 PLUS 8 256 GB,,$223.000,,
ITEL,📱,Smartphone Itel A100C A6611L 128GB 3GB Ram Dual Sim,,$187.000,,
ITEL,📱,Smartphone Itel A100CS A6611L 128GB 3GB Ram,,$181.000,,
IPHONE - CPO,📱,IPHONE 13 128 GB NEGRO - CPO - 1 AÑO GARANTIA APPLE,,$838.000,,
IPHONE - CPO,📱,IPHONE 13 128 GB ROSADO - CPO - 1 AÑO GARANTIA APPLE,,$880.000,,
IPHONE - CPO,📱,IPHONE 13 128 GB VERDE - CPO - 1 AÑO GARANTIA APPLE,,$838.000,,
IPHONE - CPO,📱,IPHONE 13 PRO 128 GB - CPO - 1 AÑO GARANTIA APPLE,,$989.000,,
IPHONE - CPO,📱,IPHONE 13 PRO MAX 128 GB - CPO - 1 AÑO GARANTIA APPLE,,$1.108.000,,
IPHONE - CPO,📱,IPhone 14 pro max 128 gb BLANCO - CPO,,$1.311.000,,
IPHONE - CPO,📱,IPhone 14 pro max 128 gb NEGRO - CPO,,$1.311.000,,
IPHONE - CPO,📱,IPHONE 15 PRO MAX 256 GB AZUL - CPO,,$1.656.000,,
IPHONE - CPO,📱,IPHONE 15 PRO MAX 256 GB BLANCO - CPO,,$1.656.000,,
IPHONE - CPO,📱,IPHONE 15 PRO MAX 256 GB NATURAL - CPO,,$1.656.000,,
IPHONE - CPO,📱,IPHONE 15 PRO MAX 256 GB NEGRO - CPO,,$1.656.000,,
IPHONE - CPO,📱,IPHONE 16 PRO MAX 256 GB BLANCO - CPO,,$1.933.000,,
IPHONE - CPO,📱,IPHONE 16 PRO MAX 256 GB DORADO - CPO,,$1.933.000,,
IPHONE - CPO,📱,IPHONE 16 PRO MAX 256 GB NATURAL- CPO,,$1.974.000,,
IPHONE - CPO,📱,IPHONE 16 PRO MAX 256 GB NEGRO - CPO,,$1.933.000,,
INFORMATICAA,💻,AUTO RADIO NAKAMICHI NAM1710,,$133.000,,
INFORMATICAA,💾,CARD READER USB 3.0,,$17.000,,
INFORMATICAA,🔋,CARGADOR UNIVERSAL DE NOTEBOOK SWITCH 90W,,$46.000,,
INFORMATICAA,💻,CPU I5 3570 3.4 GHZ . 16 GB RAM 480 GB DISCO TECLADO MOIUSE PARLANTES,,$393.000,,
INFORMATICAA,💻,"CPU I7 3770 3,4 GHZ 16 / 480 GB PARLANTE + TECLADO + MOUSE",,$570.000,,
INFORMATICAA,💻,ESTABILIZADOR DJI OSMO MOBILE SE,,$213.000,,
INFORMATICAA,💻,Fonte Gigabyte ATX GP-UD850GM 80 Plus Gold 850W,,$255.000,,
INFORMATICAA,💻,HARD DRIVE EXTERNAL ENCLOSURE USB 3.0,,$23.000,,
INFORMATICAA,🎮,Kit Gamer Satellite GK-54 Teclado + Mouse + Mousepad + Speaker + AURICULAR / Español,,$62.000,,
INFORMATICAA,💻,LECTOR de Código de Barras Quanta QTLCF300 Bluetooth,,$110.000,,
INFORMATICAA,💻,Nobreak UPS FTX 2000VA - 1200W - 220V - NEGRO,,$277.000,,
INFORMATICAA,💻,PC GAMER - AMD RYZEN 7 5700G - AM4 / DD4 - 16 GB RAM DD4 - GEFORCE RTX 4060 VENTUS 2X - 8 GB DDR6 -,,$1.752.000,,
INFORMATICAA,🍳,PILA PANASONIC LITHIUM,,$0,,
INFORMATICAA,💻,PRESENTADOR INALAMBRICO A LASER SATELLITE LR-26R,,$20.000,,
INFORMATICAA,💻,Processador AMD Ryzen R5-5500 3.6GHz AM4 19MB,,$207.000,,
INFINIX,📱,INFINIX GT 30 PRO 5G - 12 / 256 GB -,,$667.000,,
INFINIX,📱,Infinix GT 30 Pro X6873 NFC Dual Sim de 256GB/12GB Ram de 6.78- 108+8MP/13MP + Kit GT Gaming,,$680.000,,
INFINIX,📱,INFINIX HOT 60 PRO - 8 / 256GB LTE,,$358.000,,
INFINIX,📱,INFINIX HOT 60 PRO PLUS - 8 / 256GB LTE,,$419.000,,
INFINIX,📱,INFINIX HOT 60i 4 / 256 GB,,$268.000,,
INFINIX,📱,INFINIX HOT 60i 8 / 256 GB,,$284.000,,
INFINIX,📱,INFINIX NOTE 50 PRO 8 / 256 GB,,$487.000,,
INFINIX,📱,INFINIX SMART 10 4GB 128GB,,$194.000,,
INFINIX,📱,Infinix Smart 20 - 128GB 4GB Ram,,$255.000,,
IMPRESORAS,🖨️,CABLE USB IMPRESORA MARCA FTX 1.8 METROS CP-180 NEGRO,,$10.000,,
IMPRESORAS,🖨️,IMPRESORA BROTHER HL-1200 MONOCROMATICA LASER,,$181.000,,
IMPRESORAS,🖨️,IMPRESORA EPSON L1250,,$361.000,,
IMPRESORAS,🖨️,IMPRESORA EPSON L3210,,$461.000,,
IMPRESORAS,🖨️,IMPRESORA EPSON L3250,,$541.000,,
IMPRESORAS,🖨️,IMPRESORA EPSON L3560,,$551.000,,
IMPRESORAS,🖨️,IMPRESORA EPSON SURECOLOR F170,,$677.000,,
IMPRESORAS,🖨️,IMPRESORA TERMICA FTX RECIBOS 3 PULGADAS - TDR080UE - C/ CUT USB/RED,,$155.000,,
IMPRESORAS,🖨️,Impressora Brother HL-1212W com Wi-Fi,,$239.000,,
IMPRESORAS,🖨️,Impressora Epson EcoTank L4360 Multifuncional Wireless Bivolt,,$564.000,,
IMPRESORAS,🖨️,Impressora Epson EcoTank M2120 Multifuncional Wireless Bivolt,,$532.000,,
IMPRESORAS,🖨️,Impressora Epson L5590 Ecotank Multifuncional Wireless/RJ45/Impressora/Copiadora/Scaner/Fax,,$670.000,,
IMPRESORAS,🖨️,Impressora FTX TDR058BT Térmica Bluetooth Bivolt,,$49.000,,
IMPRESORAS,🖨️,TINTA EPSON T504120 - NEGRO,,$29.000,,
IMPRESORAS,🖨️,TINTA EPSON T504220 - AZUL,,$29.000,,
IMPRESORAS,🖨️,TINTA EPSON T504320 - MAGENTA,,$29.000,,
IMPRESORAS,🖨️,TINTA EPSON T504420 - AMARILLO,,$29.000,,
IMPRESORAS,🖨️,Tinta Epson T544 - AZUL,,$26.000,,
IMPRESORAS,🖨️,Tinta Epson T544 - AMARILLO,,$26.000,,
IMPRESORAS,🖨️,Tinta Epson T544 - MAGENTA,,$26.000,,
IMPRESORAS,🖨️,Tinta Epson T544 - NEGRO,,$26.000,,
IMPRESORAS,🖨️,TINTA ION EPSON T5442 - AMARILLO - 65 ML,,$13.000,,
IMPRESORAS,🖨️,TINTA ION EPSON T5442 - AZUL - 65 ML,,$13.000,,
IMPRESORAS,🖨️,TINTA ION EPSON T5442 - MAGENTA - 65 ML,,$13.000,,
HOTWAV,📱,Celular Hotwav A17 Pro Max Dual Sim de 3GB RAM / 64 GB,,$184.000,,
HOTWAV,📱,Celular Hotwav A17 Pro Max Dual Sim de 4 GB RAM / 256 GB,,$271.000,,
HOTWAV,📱,Celular Hotwav A17 Pro Max Dual Sim de 4GB RAM / 128 GB,,$216.000,,
HOTWAV,📱,Celular Hotwav A26 Ultra Dual Sim de 256GB/3GB RAM,,$268.000,,
HOTWAV,📱,Celular Hotwav X26 Ultra Dual Sim de 128GB/6GB Ram,,$252.000,,
HOTWAV,📱,Smartphone Hotwav X100 GT 256GB 8GB Ram,,$339.000,,
HORNOS,🍳,HORNITO TOSTADOR + CAFETERA + PARRILLA 12 LITROS/ JEFFY LE CHEF/ KLD-735,,$71.000,,
HORNOS,🍳,HORNO 55 LITROS CON ESPIEDO / JEFFY LE CHEF / KLD-116,,$165.000,,
HORNOS,🍳,HORNO - 38 LITROS - JEFFY LE CHEF / KLD - 738,,$139.000,,
HORNOS,🍳,HORNO - 48 LITROS - JEFFY LE CHEF - KLD-748,,$158.000,,
HORNOS,🍳,HORNO - 65 LITROS CON SPIEDO - JEFFY LE CHEF - KLD-763,,$207.000,,
HORNOS,🍳,HORNO 60 LITROS 2000W - KRAB - KBHE60,,$149.000,,
HORNOS,🍳,HORNO ANNECY 38 LITROS / JK38A,,$123.000,,
HORNOS,🍳,HORNO ANNECY 48 LITROS,,$139.000,,
HORNOS,🍳,HORNO ANNECY 48 LITROS / JK48A,,$136.000,,
HORNOS,🍳,HORNO ANNECY 60 LITROS / JK60A,,$168.000,,
HORNOS,💻,HORNO BIONICA ACERO 48 LITROS - 2000W - 250°,,$120.000,,
HORNOS,💻,HORNO BIONICA ACERO 60 LITROS - 2200 W - 250°,,$139.000,,
HORNOS,🍳,HORNO ELECTRICO CON AIR FRYER MARYLAND MR-725 / 25 LITROS / 1600W,,$123.000,,
HORNOS,🍳,HORNO ELECTRICO CON AIR FRYER MARYLAND MR-736 / 36 LITROS / 1800W,,$158.000,,
HORNOS,🍳,HORNO ELECTRICO MARYLAND 100 LITROS 2800W INOX C/ SPIEDO MR-E08100R,,$294.000,,
HORNOS,🍳,Horno Eléctrico Maryland 120 Litros 2800W - Inox - Con Spiedo MR-E08120R,,$342.000,,
HORNOS,🍳,HORNO ELECTRICO MARYLAND 50 LITROS 2000 W - INOX / MR-E0850X,,$126.000,,
HORNOS,🍳,HORNO ELECTRICO MARYLAND 75 LITROS 2800W INOX C/ SPIEDO MR-E08075R,,$258.000,,
HORNOS,🍳,HORNO ELECTRICO TOKYO LISTO PLUS 66 LITROS,,$252.000,,
HORNOS,🍳,HORNO EMPOTRABLE TOKYO ISA 60 LITROS INOX CON CONVECTOR - 2300W - 240ºC.,,$599.000,,
HORNOS,🍳,HORNO VESTAX 48 LITROS - V5A,,$139.000,,
HONOR,📱,Celular Honor X5C Dual Chip 4 / 128GB - 4G - NFC,,$219.000,,
HONOR,📱,Honor MAGIC 8 Lite Dual 512 GB / 8 GB,,$754.000,,
HONOR,📱,Honor X5C Plus NLA-LX1 - DS Lte 4/256GB -,,$255.000,,
HIDROLAVADORAS,🚿​​,HIDROLAVADORA MOX MO-LP95 - IPX5 1600 W - 220,,$123.000,,
HIDROLAVADORAS,🚿​​,HIDROLAVADORA PORTATIL MOX / MO-LP99 / 2 BATERIAS,,$42.000,,
HIDROLAVADORAS,🚿​​,HIDROLAVADORA VCP - 1200 W - 4.5 LITROS - 55BAR,,$104.000,,
HIDROLAVADORAS,🚿​​,HIDROLAVADORA VCP DE ALTA PRESION - 1800 W - 6 LITROS - 135BAR,,$190.000,,
HERVIDORAS - JARRA ELECTRICAS,🍶,HERVIDORA MARYLAND 1.8 LITROS VASO DE VIDRIO TEMPLADO CON 5 NIVEL CONTROL DE TEMP. 1800W / MR-K18VT,,$39.000,,
HERVIDORAS - JARRA ELECTRICAS,🍶,HERVIDORA MARYLAND TOUCH 1.8 LITROS CON 5 NIVEL CONTRO DE TEMP. 1800W / MR-K184S,,$42.000,,
HERVIDORAS - JARRA ELECTRICAS,🍶,JARRA ELECTRICA 1.8 LITROS - MARCA MOX - INOX - MO-EK18,,$13.000,,
HERVIDORAS - JARRA ELECTRICAS,🍶,JARRA ELECTRICA MOX - MO-EK24 - 3 LITROS - 2000W,,$26.000,,
HERRAMIENTAS,🛠️​​,KIT DE TALADRO Y DESTORNILLADOR INALAMBRICO SATELITE A-TK884,,$97.000,,
HERRAMIENTAS,🛠️,KIT HERRAMIENTAS MOX MO-HT189,,$46.000,,
HERRAMIENTAS,🛠️,MATA INSECTOS MARCA UNIQUE - RC217-2X10W,,$52.000,,
HERRAMIENTAS,🛠️​​,TALADRO MOX MO-TE80 21V - 2 BATERIAS,,$49.000,,
HELADERAS,🧊,FRIGOBAR MIDEA 110 LITROS - BLANCO,,$380.000,,
HELADERAS,🧊,FRIGOBAR WESTINGHOUSE 93 LITROS - INOX - 121LN,,$371.000,,
HELADERAS,🧊,HELADERA 300 LITROS ------ MAGNA - TOKYO,,$442.000,,
HELADERAS,🧊,HELADERA 300 LITROS MARCA JAM INOX - JAMD-207X,,$474.000,,
HELADERAS,🧊,HELADERA 300 LITROS - CON DISPENSER - HD PLAY - GRIS,,$532.000,,
HELADERAS,🧊,HELADERA 300 LITROS - CON DISPENSER - HD PLAY - NEGRO,,$532.000,,
HELADERAS,🧊,HELADERA 300 LITROS - MARCA JAM - BLANCO,,$442.000,,
HELADERAS,🧊,HELADERA 300 LITROS HOSS BLANCO - HRE-A240X + DISPENSER DE AGUA,,$532.000,,
HELADERAS,🧊,HELADERA GOODWEATHER 310 LITROS - GW-305,,$432.000,,
HELADERAS,🧊,HELADERA INOX AIWA FRIO SECO INVERTER 410 LITROS,,$928.000,,
HELADERAS,🧊,HELADERA MIDAS 300 LITROS INOX - C/ DISPENSER MD-MH249,,$451.000,,
HELADERAS,🧊,Heladera MIDEA 300 LITROS BLANCO,,$438.000,,
HELADERAS,🧊,HELADERA MIDEA 400 LITROS FRIO SECO - 2 PUERTAS SIST. INVERTIDO - C/ DISPENSER DE AGUA - MDRB424FGG4,,$1.108.000,,
HELADERAS,🧊,HELADERA QUANTA ARAMI 300 LITROS QTHFH300 - FRIO HUMEDO,,$429.000,,
HELADERAS,🧊,HELADERA REFRIGERADOR INVERTIDO MADEMSA MS 250 - GRIS,,$651.000,,
HELADERAS,🧊,REFRIGERADOR HELADERA CERVECERO BAJO CERO - WESTINGHOUSE - WW-HS-121CN,,$593.000,,
GAZEBOS,⛺,GAZEBOS 3 X 3 - AZUL - OIKO,,$104.000,,
GAZEBOS,⛺,GAZEBOS 3 X 3 - ROJO - OIKO,,$104.000,,
GAZEBOS,⛺,GAZEBOS 3 X 3 - VERDE - OIKO,,$104.000,,
GAZEBOS,⛺,GAZEBOS ANNECY 3 X 4.5 - AN-003,,$145.000,,
GAZEBOS,⛺,GAZEBOS TOLDOS - 3 X 3 - IKIYANG - FIERRO BLANCO / CARPA BLANCO,,$120.000,,
GAZEBOS,⛺,GAZEBOS TOLDOS - 3 X 3 - IKIYANG - FIERRO NEGRO / CARPA AZUL,,$94.000,,
GAZEBOS,⛺,GAZEBOS TOLDOS - 3 X 3 - IKIYANG - FIERRO NEGRO / CARPA ROJO,,$91.000,,
GAZEBOS,⛺,GAZEBOS TOLDOS - 3 X 3 - IKIYANG - FIERRO NEGRO / CARPA VERDE,,$91.000,,
GARANTIAS,❌,GARANTIA - NOTE 14 PRO 5G 8 256 GB - IGNACIO ALMIRON,,$10.000,,
GARANTIAS,❌,GARANTIA POCO C75 8 256 GB - EMILCE GALLARDO,,$62.000,,
GARANTIAS,❌,GARANTIA REDMI 15C - 8 / 256 GB -,,$10.000,,
FRIGOBAR,🧊,FRIGOBAR MIDEA 110 LITROS - INOX,,$403.000,,
FRIGOBAR,🧊,FRIGOBAR WESTINGHOUSE 93 LITROS - ROJO - 121CN,,$335.000,,
FREEZER,❄️,EXHIBIDOR GOODWEATHER 350 LITROS - GW-350H,,$780.000,,
FREEZER,❄️,EXHIBIDOR GOODWEATHER 450 LITROS - GW-450H,,$1.024.000,,
FREEZER,🧊,FREEZER HD PLAY 250 LITROS - INOX,,$525.000,,
FREEZER,🧊,FREEZER HD PLAY 250 LITROS - NEGRO,,$525.000,,
FREEZER,🧊,FREEZER HORIZONTAL 220 LITROS MARCA PRIDE - BLANCO,,$432.000,,
FREEZER,🧊,FREEZER HORIZONTAL 220 LITROS MARCA WESTINHOUSE- BLANCO - WW-HS-252CN,,$448.000,,
FREEZER,🧊,FREEZER MIDEA 100 LITROS BLANCO / MDRC153FZG01,,$345.000,,
ESTUFAS CALOVENTORES,♨️,CALOVENTOR KIMSTAR - KS-555,,$26.000,,
ESTUFAS CALOVENTORES,♨️,CALOVENTOR MOX MO-QH613 2000W,,$17.000,,
ESTUFAS CALOVENTORES,♨️,CALOVENTOR WEBSTAR - KLD-009,,$17.000,,
ESTUFAS CALOVENTORES,♨️,ESTUFA 2 VELAS MOX MO-QH612 1200W,,$17.000,,
ESTUFAS CALOVENTORES,♨️,ESTUFA B00LILH47C AMAZON BASICS 46000 BTU A GAS P/ EXTERIOR / ACERO INOXIDABLE,,$364.000,,
ESTUFAS CALOVENTORES,♨️,ESTUFA CALOVENTOR 2 EN 1 FTX 2000W BLANCO FH2-201V,,$29.000,,
ESTUFAS CALOVENTORES,♨️,ESTUFA CONVECTOR FTX 2000W BLANCO CVH2-201V,,$39.000,,
ESTUFAS CALOVENTORES,♨️,ESTUFA ELECTRICA 3 TUBOS HALOGENO CON HAGARRADOR KS-777,,$29.000,,
ESTUFAS CALOVENTORES,♨️,ESTUFA ELECTRICA 3 TUBOS HALOGENO CON HAGARRADOR KS-777 / *OFERTA 4 UNIDAD X CAJA*,,$87.000,,
ESTUFAS CALOVENTORES,♨️,ESTUFA GIRATORIA KIMSTAR - 3 AJUSTES - 3 VELAS - KS-222,,$36.000,,
ESTUFAS CALOVENTORES,♨️,ESTUFA HALOGENA BIONICA BW-607M - 400 / 800 / 1200 W - OSCILACION GIRATORIA,,$36.000,,
ESTUFAS CALOVENTORES,♨️,ESTUFA KIMSTAR 2 VELAS - KS-333,,$17.000,,
ESTUFAS CALOVENTORES,♨️,ESTUFA VENTOS 2 VELAS - VENTOS - 400 O 800 W,,$17.000,,
ESTUFAS CALOVENTORES,♨️,ESTUFA VOXXU 2 VELAS - VOX035,,$17.000,,
ESTUFAS CALOVENTORES,♨️,ESTUFA WEBSTAR - - 2 VELAS - KLD-010,,$17.000,,
DRONE,🛸,Drone Dji Neo 2 FLY More Combo (Drone Only) DEN225 4K com GPS - 3 BATERIAS - SIN CONTROL,,$657.000,,
DRONE,🛸,Drone DJI Avata 2 Fly More Combo 4K - 1 Baterias,,$1.488.000,,
DRONE,🛸,DRONE DJI NEO - SIN CONTROL,,$387.000,,
DRONE,🛸,Drone DJI Neo 2 4K - SIN CONTROL,,$493.000,,
DRONE,🛸,Drone Dji Neo FLY More Combo DN1A0626 (RC-N3) Anatel 4K com GPS - CON CONTROL,,$683.000,,
DRONE,🛸,Drone Dji Neo Motion FLY More Combo DN1A0626 (RC Motion 3) 4K com GPS,,$1.060.000,,
DELL,💻,"NOTEBOOK DELL LDC15255-7322BLK-PUS RYZEN 7-7730U/16GB DDR/1TB SSD 15,6+ W11 Touch - Black",,$1.282.000,,
DELL,💻,Notebook Dell LDC15255-A117BLK AMD Ryzen 7 2.0GHz /16GB / SSD 512GB / 15.6 / W11,,$1.140.000,,
CONTADOR DE DINEROS,💵,Contador de Billete QUANTA -QTCDD20,,$239.000,,
CONTADOR DE DINEROS,💵,Contador de BILLETES Quanta QTCDD25 -,,$867.000,,
CONTADOR DE DINEROS,💵,CONTADOR DE DINERO FTX BC-UMI2,,$184.000,,
CONSOLAS Y VIDEO JUEGOS,🎧,"AURICULAR INALAMBRICO SONY - PULSE ELITE - CFI-ZWH2, CFI-ZWA2, CFI-ZPH2",,$306.000,,
CONSOLAS Y VIDEO JUEGOS,🔹,CAMBIO LOGITECH DRIVING FORCE SHIFTER RACING WHEELS - G29/G920,,$126.000,,
CONSOLAS Y VIDEO JUEGOS,🎮,CONSOLA NINTENDO SWITCH 2 - 256GB LCD GRAY + JUEGO MARIO KART WORLD HKG,,$1.301.000,,
CONSOLAS Y VIDEO JUEGOS,🎮,CONSOLA NINTENDO SWITCH OLED 64 GB,,$715.000,,
CONSOLAS Y VIDEO JUEGOS,🎮,CONSOLA NINTENDO SWITCH OLED SPLATOON 3/64GB,,$770.000,,
CONSOLAS Y VIDEO JUEGOS,🎮,CONSOLA PLAY STATION 5 1TB CON LECTORA + JUEGO FORTNITE,,$1.411.000,,
CONSOLAS Y VIDEO JUEGOS,🎮,CONSOLA PLAY STATION 5 PRO DIGITAL 2TB,,$2.525.000,,
CONSOLAS Y VIDEO JUEGOS,🎮,CONSOLA PLAY STATION 5 SLIM 825 GB DIGITAL,,$1.247.000,,
CONSOLAS Y VIDEO JUEGOS,🎮,CONSOLA PLAY STATION 5 SLIM 825GB CON LECTORA,,$1.459.000,,
CONSOLAS Y VIDEO JUEGOS,🎮,CONSOLA PLAY STATION 5 SLIM ASTRO BOT + GRAN TURISMO CFI-1215A 4K EDICION DIGITAL 825GB SSD,,$1.382.000,,
CONSOLAS Y VIDEO JUEGOS,🎮,CONSOLA PORTATIL R35S 64 GB - 1 GB RAM. 3.5,,$168.000,,
CONSOLAS Y VIDEO JUEGOS,🎮,CONSOLA PORTATIL R36S - 64 GB,,$91.000,,
CONSOLAS Y VIDEO JUEGOS,🎮,CONSOLA XBOX SERIE S - 512 GB,,$1.086.000,,
CONSOLAS Y VIDEO JUEGOS,🎮,JOYSTICK INALAMBRICO SONY PLAYSTATION DUALSENSE - BT - PS5 - 30TH ANNIVERSARY - EDICION LIMITADA,,$210.000,,
CONSOLAS Y VIDEO JUEGOS,🎮,JOYSTICK INALAMBRICO SONY PLAYSTATION DUALSENSE PARA PS5,,$136.000,,
CONSOLAS Y VIDEO JUEGOS,🎮,JOYSTICK REDRAGON JUNO G818 PARA PC/PS4/PS5 - NEGRO,,$75.000,,
CONSOLAS Y VIDEO JUEGOS,🎮,JOYSTICK XBOX SERIE X / S / ONE,,$113.000,,
CONSOLAS Y VIDEO JUEGOS,🎮,JUEGO PARA NINTENDO SWITCH 2 MARIO KART WORLD,,$158.000,,
CONSOLAS Y VIDEO JUEGOS,🎮,JUEGO PARA PS5 FIFA EA SPORTS FC26,,$81.000,,
CONSOLAS Y VIDEO JUEGOS,🎮,KIT VOLANTE + ACELERADOR LOGITECH G29 DRIVING FORCE PARA PS3/PS4/PS5/PC,,$484.000,,
CONSOLAS Y VIDEO JUEGOS,🎮,LENTE DE REALIDAD VIRTUAL VR2 - PS5 + HORIZON VR CALL OF THE MOUNTAIN,,$854.000,,
CONSOLAS Y VIDEO JUEGOS,🎮,SOPORTE DE CARGA GAMER KRAB KBD5PRO - PARA PS5 - MULTIFUNCIONAL - RGB -,,$62.000,,
COLCHON INFLABLE,⛺,COLCHON INFLABLE 191 X 137 X 22 CM ANNECY / 20256,,$49.000,,
COLCHON INFLABLE,⛺,COLCHON INFLABLE 191 X 73 X 22 CM / ANNECY / 20411,,$36.000,,
COLCHON INFLABLE,⛺,COLCHON INFLABLE 191 X 99 X 22 CM / ANNECY / 20334,,$39.000,,
COLCHON INFLABLE,⛺,COLCHON INFLABLE P/1 PERSONA / 191 X 75 X 22 CM / AANNECY/ 24157,,$42.000,,
COLCHON INFLABLE,🛏️,SOFA CAMA INFLABLE 187 X 83 X 57 CM P/ 100 KG ANNECY 22357,,$55.000,,
COLCHON INFLABLE,🛏️,SOFA CAMA INFLABLE 198 X 138 X 62 CM P / 200 KG ANNECY 24002,,$113.000,,
COCINAS,🍳,ATLAS COCINA COOKTOP 4 HORNALLAS - EMPOTRABLE - AGILE UP - 1 MEGA LLAMA,,$226.000,,
COCINAS,🍳,ATLAS COCINA COOKTOP 5 HORNALLAS - EMPOTRABLE - AGILE UP - 1 MEGA LLAMA,,$258.000,,
COCINAS,🍳,COCINA A GAS / ANAFE / 4 HORNALLAS / MARYLAND MR-G404,,$87.000,,
COCINAS,🍳,COCINA A GAS / ANAFE / 4 HORNALLAS / TECMAX,,$149.000,,
COCINAS,🍳,COCINA A GAS ATLAS AGILE UP GLASS 4H - MESA DE VIDRIO - ENCENDIDO ELECTRICO,,$429.000,,
COCINAS,🍳,COCINA INFRAROJA DOBLE HORNALLA MOX - MO-KIC04 - 3200W,,$100.000,,
COCINAS,🍳,COCINA INFRARROJA MOX MO-KIC03 ... 2200 W,,$42.000,,
COCINAS,🍳,COCINA MARCA ATLAS - 5 HORNALLAS - MONACO PLUS CON ENCENDIDO ELECTRICO,,$390.000,,
COCINAS,🍳,COCINA MARCA DAKO- 4 HORNALLAS,,$203.000,,
COCINAS,🍳,COCINA MARCA JAM STANDAR - 4 HORNALLAS,,$207.000,,
COCINAS,🍳,COCINA MINI A GAS / ABBATEC / 261585 / 4 HORNALAS / NEGRO,,$78.000,,
COCINAS,🍳,COCINA MINI A GAS / ABBATEC / 264372 / 4 HORNALAS / BLANCO,,$78.000,,
CINTAS,🎙️,BOLSA BOYA CON BURBUJA,,$29.000,,
CINTAS,📦,CAJA CINTA 70 METROS - FRAGIL - X6 - FRAGIL,,$213.000,,
CINTAS,📦,CAJA CINTA MARRON X6 - 100 METROS,,$187.000,,
CINTAS,📦,CAJA CINTA OPOLO 50 METROS - TRANSPARENTE - 50 METROS,,$162.000,,
CINTAS,📦,CINTA MARRON OPOLO X 4 UNI.,,$187.000,,
CINTAS,📦,Cinta Opolo Transparente 100 METROS X 6 --- LA CAJA,,$187.000,,
CINTAS,📦,Cinta Opolo Transparente X 4 - 100 METROS,,$187.000,,
CINTAS,📦,PORTA CINTA DE METAL,,$17.000,,
CINTAS,📦,PORTA CINTA DE PLASTICO,,$13.000,,
CENTRIFUGADORAS,🔹,CENTRIFUGADORA BRITANIA - BCR1 - 15 KG,,$181.000,,
CENTRIFUGADORAS,🔹,CENTRIFUGADORA WANKE COMFORT 10 KILOS -,,$171.000,,
CENTRIFUGADORAS,🔹,CENTRIFUGADORA WANKE SOFIA PREMIUM - 20 KILOS,,$210.000,,
CELULAR HISENSE,📱,CELULAR HISENSE E50S - 4 / 128 GB,,$155.000,,
CELULAR HISENSE,📱,CELULAR HISENSE E60 LITE 4G - 2 / 64 GB -,,$133.000,,
CELULAR BLACKVIEW,📱,Celular Blackview BV9300 Pro NFC Dual Sim de 256GB/12GB Ram de 6.7 PULGADAS 64+8MP/32MP,,$512.000,,
CELULAR BLACKVIEW,📱,Celular Blackview Rock 2 Dual Chip 256GB 5G - RAM 12GB,,$471.000,,
CELL GARANTIA,🎮,REPARACION PLAY 5 DIGITAL - NATALIA AGUIRRE,,$300.000,,
CARGADORES,🔋,Cargador Iphone original 20W.. TIPO C,,$29.000,,
CARGADORES,🔋,CARGADOR SAMSUNG ORIGINAL 15W CON CABLE,,$39.000,,
CARGADORES,🔋,Cargador Samsung Original 25W EN BOLSITA,,$26.000,,
CARGADORES,🔋,CARGADOR TRIPLE A - PARA IPHONE - NO ORIGINAL,,$17.000,,
CARGADORES,🔋,CARGADOR Xiaomi 67W GaN Charger 2C1A 220V - SALIDA USB Y TIPO C,,$46.000,,
CARGADORES,🔋,CARGADOR XIAOMI AD201EU 20 W,,$20.000,,
CARGADOR PORTATIL,🔋,CarGADOR Portátil Xiaomi 22W Lite P16ZM 10.000 Mah USB Y USB-C,,$29.000,,
CARGADOR PORTATIL,🔋,CARGADOR 120W Xiaomi HyperCharge Combo MDY-14-EE Bivolt,,$49.000,,
CARGADOR PORTATIL,🔋,CARGADOR INALAMBRICO XIAOMI 20W - WPC002ZM,,$36.000,,
CARGADOR PORTATIL,🔋,Cargador Original Samsung 15W,,$23.000,,
CARGADOR PORTATIL,🔋,CARGADOR PORTATIL 10.000 MAH POCKET EDITION PRO - PB1030ZM,,$39.000,,
CARGADOR PORTATIL,🔋,Cargador Portátil Aiwa AWPF10000 26 10.000 mAh Salidas USB e USB-C,,$36.000,,
CARGADOR PORTATIL,🔋,CARGADOR PORTATIL FTX 10.000MAH,,$29.000,,
CARGADOR PORTATIL,🔋,CARGADOR PORTATIL FTX 20.000MAH,,$39.000,,
CARGADOR PORTATIL,🔋,CARGADOR PORTATIL FTX 30.000MAH,,$52.000,,
CARGADOR PORTATIL,🔋,CARGADOR PORTATIL MARCA MOX - 5000 MAH - MO-PB505,,$20.000,,
CARGADOR PORTATIL,🔋,CARGADOR PORTATIL USB-C XIAOMI PB1033MI 33W 10000MAH CABLE INTEGRADO,,$42.000,,
CARGADOR PORTATIL,🔋,CARGADOR PORTATIL XIAOMI 10.000 MAH - PB100LZM,,$42.000,,
CARGADOR PORTATIL,🔋,CARGADOR PORTATIL XIAOMI 20.000 MAH - 33W - CABLE INTEGRADO - PB2030MI,,$52.000,,
CARGADOR PORTATIL,🔋,"CARGADOR PORTATIL XIAOMI POCKET 10,000 MAH 33W - PB1033MI",,$62.000,,
CARGADOR PORTATIL,🔋,CARGADOR PORTATIL Xiaomi Power Bank PB3018ZM 30000mAh,,$62.000,,
CARGADOR PORTATIL,🔋,CARGADOR SAMSUNG ORIGINAL 45W +CABLE,,$71.000,,
CARGADOR PORTATIL,🔋,CARGADOR SAMSUNG ORIGINAL 50W + CABLE,,$87.000,,
CARGADOR PORTATIL,🔋,CARGADOR Xiaomi Magnetic Power Bank WPB0507 5000mAh,,$62.000,,
CARGADOR PORTATIL,🔋,CARGADOR XIAOMI PORTATIL - PB200LZM - 20000 MAH,,$46.000,,
CARGADOR PORTATIL,🔋,Carregador Portátil Wireless Xiaomi Magnetic Power Bank WPB0620MI 6.000 mAh Saída USB-C - Tan,,$75.000,,
CARGADOR PORTATIL,🔋,Carregador PORTATIL Xiaomi P15ZM 10000 MAH,,$36.000,,
CARGADOR PORTATIL,🔋,Carregador PORTATIL Xiaomi PB2020MI 20000 MAH,,$46.000,,
CAMARA,📷,CAMARA de SEGURIDAD IP Ezviz CS-H80X Outdoor / Smart Home / Wi-Fi / 4K - BLANCO,,$181.000,,
CAMARA,🔋,CAMARA EZVIZ Wifi CS-EB3 3MP 2.8MM H.265 Outdoor A Bateria - WIFI,,$168.000,,
CAMARA,📷,Camara EZVIZ CS-H1C FHD 1080P,,$52.000,,
CAMARA,📷,CAMARA EZVIZ CS-H8C 1080 - 5MP 360.,,$107.000,,
CAMARA,📷,CAMARA EZVIZ H7C DUAL 2K+ WIFI,,$120.000,,
CAMARA,📷,CAMARA FILMADORA DE ACCION INSTA 360 X3 FILM,,$696.000,,
CAMARA,📷,CAMARA FILMADORA DE ACCION INSTA 360 X4 FILM,,$873.000,,
CAMARA,📷,CAMARA IMILAB XIAOMI EC6 DUAL CAMARA,,$162.000,,
CAMARA,📷,CAMARA Instantânea Fujifilm Instax Mini 12 com Flash A Pilha - Branco,,$236.000,,
CAMARA,📷,CAMARA Instantânea Fujifilm Instax Mini 12 com Flash A Pilha - Rosa Fluor,,$242.000,,
CAMARA,📷,CAMARA Instantânea Fujifilm Instax Mini 12 com Flash A Pilha - VERDE,,$236.000,,
CAMARA,📷,CAMARA SEGURIDAD EZVIZ - H9C DUAL 2K+ WIFI,,$142.000,,
CAMARA,🔊,Fujifilm Film p/ Instax MINI Pack 20 UNIDADES,,$68.000,,
CAMARA,🔊,Fujifilm Film p/ Instax Wide Pack 20 Unidades,,$58.000,,
CAMARA,📷,Kit de CAMARA DE VIGILANCIA CCTV NVR Hikvision NKS422W0H 4 CH + 2 Câmeras Wifi -,,$210.000,,
CAMARA,🔋,PANEL SOLAR EZVIZ CS-CMT Painel-C para Câmera A Bateria 6.2W,,$62.000,,
CALEFON,♨️,TERMOTANQUE CALEFON 100 LITROS - VERTICAL HORIZONTAL- ZR,,$355.000,,
CALEFON,♨️,TERMOTANQUE CALEFON 50 LITROS - VERTICAL HORIZONTAL- ZR,,$277.000,,
CALEFON,♨️,TERMOTANQUE CALEFON 80 LITROS - VERTICAL HORIZONTAL- ZR,,$313.000,,
CALEFON,♨️,TERMOTANQUE - CALEFON 100 LITROS - MARCA HAUSTEC - HORIZONTAL,,$393.000,,
CALEFON,♨️,TERMOTANQUE - CALEFON 100 LITROS - VERTICAL - MARCA HAUSTEC,,$393.000,,
CALEFON,♨️,TERMOTANQUE - CALEFON 50 LITROS - HORIZONTAL - VCP,,$287.000,,
CALEFON,♨️,TERMOTANQUE - CALEFON 50 LITROS - MARCA HAUSTEC - HORIZONTAL,,$284.000,,
CALEFON,♨️,TERMOTANQUE - CALEFON 50 LITROS - VERTICAL - MARCA HAUSTEC,,$271.000,,
CALEFON,♨️,TERMOTANQUE - CALEFON 50 LITROS - VERTICAL - MARCA MIDEA,,$271.000,,
CALEFON,♨️,TERMOTANQUE - CALEFON 50 LITROS - VERTICAL - MARCA PEABODY (PE-WT50B),,$284.000,,
CALEFON,♨️,TERMOTANQUE - CALEFON 50 LITROS - VERTICAL - VCP,,$271.000,,
CALEFON,♨️,TERMOTANQUE - CALEFON 80 LITROS - MARCA HAUSTEC - HORIZONTAL,,$364.000,,
CALEFON,♨️,TERMOTANQUE - CALEFON 80 LITROS - VERTICAL - MARCA HAUSTEC,,$310.000,,
CALEFON,♨️,TERMOTANQUE - CALEFON 80 LITROS - VERTICAL - MARCA MIDEA,,$310.000,,
CALEFON,♨️,TERMOTANQUE - CALEFON 80 LITROS - VERTICAL - VCP,,$310.000,,
Calculadora,🧮,Calculadora Científica Casio FX-95MS 2ND Edition com 244 Funciones,,$36.000,,
Calculadora,🧮,Calculadora Científica Casio FX-991MS 2ND Edition com 401 FUNCIONES,,$49.000,,
Calculadora,🧮,Calculadora Compacta Casio MS-7UC-RD - Rosa Escura,,$26.000,,
Calculadora,🧮,Calculadora Impressora Casio HR-100RC - CON SOPORTE DE PAPEL,,$100.000,,
CAFETERAS,🔹,Café Nescafé Dolce Gusto Café Au Lait 100G (10 Unidades),,$20.000,,
CAFETERAS,🔹,Café Nescafé Dolce Gusto Cortado Espresso Mocchiato 63G (10 Unidades),,$20.000,,
CAFETERAS,🔹,CAFETERA ELECTRICA - BIONICA 1.2 LITROS - CM-07,,$29.000,,
CAFETERAS,🔹,CAFETERA ELECTROBRAS EBCM-20 / MULTICAPSULAS 3 EN 1 -NEGRO -,,$149.000,,
CAFETERAS,🔹,CAFETEREA ESPRESSO CON CAPSULA - RAF,,$120.000,,
CAFETERAS,🔹,MAQUINA DE CAFE - RAF - COFFEE MAKER - R106,,$94.000,,
CAFETERAS,🔹,MAQUINA DE CAFE - RAF - COFFEE MAKER - R113,,$133.000,,
CAFETERAS,🔹,MAQUINA DE CAFE - RAF - R104B - 1.8 LITROS -,,$155.000,,
CAFETERAS,🔹,MAQUINA DE CAFE - RAF - R104W,,$155.000,,
CAFETERAS,🔹,MAQUINA DE CAFE - RAF - R133,,$68.000,,
CAFETERAS,🔹,MAQUINA DE CAFE - RAF - R136 - COFFEE MAKER 1.5 LITROS - 850W,,$155.000,,
CAFETERAS,🔹,MAQUINA DE CAFE - RAF - R139,,$49.000,,
CABLE,🔌,CABLE ADAPTADOR HDMI A VGA,,$17.000,,
CABLE,🔌,CABLE HDMI QUANTA - QTHDMI100 - FULL HD - 10 METROS,,$33.000,,
CABLE,🔌,CABLE HDMI QUANTA - QTHDMI50 - FULL HD - 5 METROS,,$17.000,,
CABLE,🔌,Cable Iphone original TIPO C A Lightning,,$26.000,,
CABLE,🔌,CABLE IPHONE ORIGINAL TIPO C A C ----,,$26.000,,
CABLE,🔌,CABLE ORIGIANAL SAMSUNG TIPO C A C - EN BOLSITA,,$13.000,,
CABLE,🔌,CABLE ORIGINAL XIAOMI USB A - A TIPO C,,$17.000,,
CABLE,🔌,CABLE ORIGINAL XIAOMI TIPO C A LIGHTNING,,$26.000,,
CABLE,🔌,CABLE TIPO C A C Samsung EP-DA705BBEGWW - 1 Metro,,$33.000,,
BEBEDEROS,🧊,BEBEDERO AGUA DE PIE C/ HELADERA LUXEP,,$255.000,,
BEBEDEROS,🚰,BEBEDERO AGUA DE PIE LUXEP - FRIO / CALIENTE - CARGA INFERRIOR BIDON ABAJO,,$236.000,,
BEBEDEROS,🚰,BEBEDERO BIONICA BLANCO- 20 LITROS - CON ALMACENAMIENTO - RT150734,,$255.000,,
BEBEDEROS,🚰,BEBEDERO BIONICA NEGRO - 20 LITROS - CON ALMACENAMIENTO,,$252.000,,
BEBEDEROS,🚰,BEBEDERO DE MESA FRIO CALIENTE MARCA VENTOS - 40100,,$81.000,,
BEBEDEROS,🚰,BEBEDERO DE MESA MARCA MOX / MO-WD124 / 500W,,$71.000,,
BEBEDEROS,🚰,BEBEDERO DE MESA MARYLAND MR-LD100TC CON COMPRESOR - 3 TEMPERATURA,,$171.000,,
BEBEDEROS,🚰,BEBEDERO DE PIE / VENTOS / FRIO-CALIENTE-NATURAL / SH-228,,$133.000,,
BEBEDEROS,🧊,BEBEDERO DE PIE BIONICA NEGRO - 20 LITROS - CON REFRIGERADOR / RL150986,,$248.000,,
BEBEDEROS,🧊,BEBEDERO DE PIE FAMA (BIDON SUPERIOR) - BFIM-21 / CON FABRICADORA DE HIELO 12 A 15KG / 24HS / /,,$471.000,,
BEBEDEROS,🚰,BEBEDERO DE PIE GOODWEATHER GW-1664S - CON ALMACENAMIENTO,,$287.000,,
BEBEDEROS,🚰,BEBEDERO DE PIE MARYLAND - 20 LITROS **CON DISPENSER** - BLANCO - MR-TD2001-W,,$194.000,,
BEBEDEROS,🧊,BEBEDERO DE PIE MARYLAND - 20 LITROS CON DISPENSER + REFRIGERADOR 3 EN 1 - NEGRO - MR-TR2003-B,,$277.000,,
BEBEDEROS,🚰,BEBEDERO DE PIE MARYLAND C/ DISPENSER 3 EN 1 - CON CHUPADOR DE BIDON ABAJO - MR-LD2005-B - NEGRO,,$252.000,,
BEBEDEROS,🚰,BEBEDERO DE PIE MARYLAND C/ DISPENSER 3 EN 1 - CON CHUPADOR DE BIDON ABAJO - MR-LD2005-W - BLANCO,,$252.000,,
BEBEDEROS,🚰,BEBEDERO DE PIE MOX / MO-WD125 / CON COMPRESOR - BLANCO,,$213.000,,
BEBEDEROS,🚰,BEBEDERO DE PIE MOX- 20 LITROS - MO-WD123 - 550W,,$120.000,,
BEBEDEROS,🚰,BEBEDERO FTX AQUA BAR TOUCH / FRIO / CALOR / CAFE / TE / 220 V / NEGRO - WD2-HCFC,,$435.000,,
BEBEDEROS,🚰,DISPENSER DE AGUA PORTATIL - MARADO,,$13.000,,
BEBEDEROS,🚰,DISPENSER DE MESA - MARCA BIONICA - RT150922,,$91.000,,
BATIDORAS,🍹,BATIDORA DE MANO - MIXER - MARYLAND MR-HB301 4 EN 1 - 700 WHATSS,,$39.000,,
BATIDORAS,🍹,BATIDORA DE MANO JEFFY LE CHEF - KLD 721 - 120 WATTS,,$17.000,,
BATIDORAS,🍹,BATIDORA DE MANO MARYLAND MR-HB7070 4 EN 1 - 1000 WHATSS - TRIGGER CONTROL,,$55.000,,
BATIDORAS,🍹,BATIDORA JEFFY LE CHEF - KLD 718 - CON BASE PLASTICO / BOWL PLASTICO,,$29.000,,
BATIDORAS,🍹,BATIDORA JEFFY LE CHEF - KLD 719 - CON BASE PLASTICO / BOWL INOX,,$29.000,,
BATIDORAS,🍹,MIXER CON ACCESORIOS MOLIMIX / TURBO MIX / MMX-1000 / 1000W / 220V,,$68.000,,
BATIDORAS,🍹,MIXER DE MANO MANUAL JEFFY LE CHEF - KLD 877 -,,$26.000,,
BALANZAS,⚖️,BALANZA COMERCIAL 40 KG / OIKO ---,,$39.000,,
BALANZAS,⌚,BALANZA COMERCIAL 40 KG / WEBSTAR / KLD-113. CON BANDEJA,,$49.000,,
BALANZAS,⚖️,BALANZA COMERCIAL 40 KG / WEBSTAR / KLD-417,,$42.000,,
BALANZAS,⚖️,BALANZA COMERCIAL 40 KG MOX / MO-KS402 /,,$36.000,,
BALANZAS,🍳,BALANZA DE COCINA SF-400,,$10.000,,
AURICULARES,🎧,AURICULAR FTX E27-BK TWS Bluetooth - NEGRO,,$23.000,,
AURICULARES,🎧,AURICULAR BLUETOOH - MARCA AWEI,,$65.000,,
AURICULARES,🎧,AURICULAR BUDS 8 LITE - AZUL,,$49.000,,
AURICULARES,🎧,AURICULAR BUDS 8 LITE - BLANCO,,$49.000,,
AURICULARES,🎧,AURICULAR BUDS 8 PRO - BLANCO,,$142.000,,
AURICULARES,🎧,AURICULAR BUDS 8 PRO - NEGRO,,$142.000,,
AURICULARES,🎧,AURICULAR EARPHONES SAMSUNG ORIGINAL EO-IC100BBEGWW USB-C,,$49.000,,
AURICULARES,🎧,AURICULAR FTX E95 - BLANCO,,$33.000,,
AURICULARES,🎧,AURICULAR FTX E95 - NEGRP,,$33.000,,
AURICULARES,🎧,AURICULAR FTX E97L - BLANCO,,$49.000,,
AURICULARES,🎧,AURICULAR FTX E97L - NEGRO,,$49.000,,
AURICULARES,🎮,AURICULAR Gamer JBL Quantum 100M2 - NEGRO,,$87.000,,
AURICULARES,🎮,AURICULAR Gamer Redragon Ire Pro H848 Wireless - NEGRO,,$120.000,,
AURICULARES,🎧,AURICULAR HAYLOU S35 ANC - BEIGE,,$81.000,,
AURICULARES,🎧,AURICULAR HAYLOU S35 ANC - PURPURA,,$78.000,,
AURICULARES,🎧,AURICULAR HAYLOU S40 ANC - NEGRO C/ MICROFONO,,$100.000,,
AURICULARES,🎧,AURICULAR INALAMBRICO JBL Endurance Peak 4 com Anc - BLANCO,,$207.000,,
AURICULARES,🎧,AURICULAR INALAMBRICO JBL Endurance Peak 4 com Anc - NEGRO,,$207.000,,
AURICULARES,🎧,AURICULAR INALAMBRICO JBL Sense Lite - NEGRO,,$162.000,,
AURICULARES,🎧,AURICULAR INALAMBRICO JBL Tune Flex 2 com Anc - BLANCO,,$155.000,,
AURICULARES,🎧,AURICULAR INALAMBRICO JBL Tune Flex 2 com Anc - NEGRO,,$155.000,,
AURICULARES,🎧,AURICULAR INALAMBRICO MOX AIRPODS MOX MO-2,,$23.000,,
AURICULARES,🎧,AURICULAR JBL Quantum 250 NEGRO,,$104.000,,
AURICULARES,🎧,AURICULAR JBL Tune 310C CON CABLE USB-C - BLANCO,,$36.000,,
AURICULARES,🎧,AURICULAR JBL TUNE 510 BT - ROSADO,,$91.000,,
AURICULARES,🎧,AURICULAR JBL TUNE 520BT - AZUL,,$81.000,,
AURICULARES,🎧,AURICULAR JBL TUNE 520BT - BLANCO,,$81.000,,
AURICULARES,🎧,AURICULAR JBL TUNE 520BT - LILA,,$81.000,,
AURICULARES,🎧,AURICULAR JBL TUNE 520BT - NEGRO,,$81.000,,
AURICULARES,🎧,AURICULAR JBL Tune 520C USB-C - AZUL,,$65.000,,
AURICULARES,🎧,AURICULAR JBL Tune 520C USB-C - BLANCO,,$65.000,,
AURICULARES,🎧,AURICULAR JBL Tune 520C USB-C - NEGRO,,$65.000,,
AURICULARES,🎧,AURICULAR JBL TUNE 530BT - AZUL,,$94.000,,
AURICULARES,🎧,AURICULAR JBL TUNE 530BT - BEIGE,,$94.000,,
AURICULARES,🎧,AURICULAR JBL TUNE 530BT - BLANCO,,$94.000,,
AURICULARES,🎧,AURICULAR JBL TUNE 530BT - LILA,,$94.000,,
AURICULARES,🎧,AURICULAR JBL TUNE 530BT - NEGRO,,$94.000,,
AURICULARES,🎧,AURICULAR JBL TUNE 720BT - BLANCO,,$104.000,,
AURICULARES,🎧,AURICULAR JBL TUNE 720BT - NEGRO,,$104.000,,
AURICULARES,🎧,AURICULAR JBL TUNE 730BT - AZUL,,$120.000,,
AURICULARES,🎧,AURICULAR JBL TUNE 730BT - BEIGE,,$120.000,,
AURICULARES,🎧,AURICULAR JBL TUNE 730BT - BLANCO,,$120.000,,
AURICULARES,🎧,AURICULAR JBL TUNE 730BT - NEGRO,,$120.000,,
AURICULARES,🎧,AURICULAR JBL Tune 770NC Bluetooth - BLANCO,,$142.000,,
AURICULARES,🎧,AURICULAR JBL Tune 770NC Bluetooth - NEGRO,,$142.000,,
AURICULARES,🎧,AURICULAR JBL Tune 780NC CON ANC Bluetooth - AZUL,,$181.000,,
AURICULARES,🎧,AURICULAR JBL Tune 780NC CON ANC Bluetooth - BLANCO,,$181.000,,
AURICULARES,🎧,AURICULAR JBL Tune 780NC CON ANC Bluetooth - NEGRO,,$181.000,,
AURICULARES,🎧,AURICULAR JBL TUNE BUDS 2 - ANC - BLANCO,,$142.000,,
AURICULARES,🎧,AURICULAR JBL TUNE BUDS 2 - ANC - NEGRO,,$142.000,,
AURICULARES,🎧,AURICULAR JBL Wave 200TWS Bluetooth - BLANCO,,$78.000,,
AURICULARES,🎧,AURICULAR JBL Wave 200TWS Bluetooth - NEGRO,,$78.000,,
AURICULARES,🎧,AURICULAR JBL Wave Beam 2 com Anc - BLANCO,,$104.000,,
AURICULARES,🎧,AURICULAR JBL Wave Beam 2 com Anc - NEGRO,,$104.000,,
AURICULARES,🎧,AURICULAR JBL Wave Beam 2 com Anc - Rosa,,$104.000,,
AURICULARES,🎧,AURICULAR JBL WAVE BUDS 2 - BLANCO,,$100.000,,
AURICULARES,🎧,AURICULAR JBL WAVE BUDS 2 - NEGRO,,$100.000,,
AURICULARES,🎧,AURICULAR JBL WAVE FLEX,,$104.000,,
AURICULARES,🎧,AURICULAR REDMI BUDS 4 PRO,,$133.000,,
AURICULARES,🎧,AURICULAR REDMI BUDS 5,,$84.000,,
AURICULARES,🎧,AURICULAR REDMI BUDS 5 PRO,,$126.000,,
AURICULARES,🎧,AURICULAR REDMI BUDS 6 - BLANCO,,$81.000,,
AURICULARES,🎧,AURICULAR REDMI BUDS 6 - NEGRO,,$81.000,,
AURICULARES,🎧,AURICULAR REDMI BUDS 6 ACTIVE - BLANCO,,$36.000,,
AURICULARES,🎧,AURICULAR REDMI BUDS 6 ACTIVE - CELESTE,,$36.000,,
AURICULARES,🎧,AURICULAR REDMI BUDS 6 ACTIVE - ROSADO,,$36.000,,
AURICULARES,🎧,AURICULAR REDMI BUDS 6 PLAY - AZUL,,$29.000,,
AURICULARES,🎧,AURICULAR REDMI BUDS 6 PLAY - BLANCO,,$29.000,,
AURICULARES,🎧,AURICULAR REDMI BUDS 6 PLAY - NEGRO,,$29.000,,
AURICULARES,🎧,AURICULAR REDMI BUDS 6 PLAY - ROSA,,$29.000,,
AURICULARES,🎧,AURICULAR REDMI BUDS 8 ACTIVE - BLANCO,,$49.000,,
AURICULARES,🎧,AURICULAR REDMI BUDS 8 ACTIVE - NEGRO,,$49.000,,
AURICULARES,🎧,AURICULAR REDMI BUDS 8 LITE - NEGRO,,$49.000,,
AURICULARES,🎧,AURICULAR REDMI MI TRUE EARBUDS BASIC 2,,$36.000,,
AURICULARES,🎧,AURICULAR TUNE 110 - CON MICROFONO Y CABLE 1.10 METROS - NEGRO,,$29.000,,
AURICULARES,🎧,Auricular Xiaomi M2413E1 USB-C - BLANCO C/ CABLE,,$20.000,,
AURICULARES,🎧,Fone de Ouvido Xiaomi M2413E1 USB-C - NEGRO,,$20.000,,
ASPIRADORA,🧺,ASPIRADORA MOX MO-VC71 - 23 LITROS - 1400W,,$113.000,,
ASPIRADORA,🧺,ASPIRADORA MOX MO-VC72 - 28 LITROS - 1800W,,$126.000,,
ARTICULOS PARA AUTO,🔹,PIONEER AUTORADIO AVH-Z5250BT 6.8 PULGADAS Bluetooth/ USB/ DVD/ CD/ FM,,$551.000,,
ARTICULOS PARA AUTO,🔹,PIONEER AUTORADIO DMH-AP6650BT 9 PULGADAS - USB/BT/ANDR,,$699.000,,
ARTICULOS PARA AUTO,🔹,PIONEER AUTORADIO MVH-S235BT - USB/BT/1RCA,,$145.000,,
ART. DE COCINAS,🍳,Kit Churrasco Wayu 3 PIEZAS,,$116.000,,
ART. DE COCINAS,🍳,ABRIDOR DE VINO ELECTRICO - Quanta QTAVE91,,$46.000,,
ART. DE COCINAS,🍟,AIRFRYER 7 LITROS - MARCA ANNECY - CON PERILLA / YC-701K,,$123.000,,
ART. DE COCINAS,🍟,AIRFRYER 7 LITROS / MARCA ANNECY / YC-701KD / PANTALLA TACTIL,,$123.000,,
ART. DE COCINAS,🍳,COCINA INFRARROJA MOX MO-KIC06 - 2200W,,$49.000,,
ART. DE COCINAS,🍹,EXPRIMIDOR DE JUGO MOLIMIX MAX Citrus MEI-300 220V,,$78.000,,
ART. DE COCINAS,🍳,EXTRACTOR DE JUGO MARYLAND MR-JE600 - 600W,,$65.000,,
ART. DE COCINAS,🍳,EXTRACTOR DE JUGO MOX - MO-JE87 - 1000W - 1 LITROS,,$58.000,,
ART. DE COCINAS,🍟,FREIDORA MOX MO-DF61 - 6 LITROS - 3000W,,$104.000,,
ART. DE COCINAS,🍶,JARRA ELECTRICA PLATEADO - 1.8 LITROS -ANNECY,,$17.000,,
ART. DE COCINAS,🍳,Máquina de COCINAR HUEVOS ElectroBras Easy Egg EBEG-07 220V,,$46.000,,
ART. DE COCINAS,🧊,Máquina de Hielo Smartfy Crystal Ice Supreme 12KG 85W 220V,,$306.000,,
ART. DE COCINAS,🧊,Máquina de HIELO TURBO MONDIAL / 12 KG / 130W/ / MG-12GI,,$274.000,,
ART. DE COCINAS,🍹,MIXER RAF R327 SET 4 EN 1,,$42.000,,
ART. DE COCINAS,🍳,MIXTERA - PARA 4 PANES - JEFFY LE CHEF - KLD-731,,$49.000,,
ART. DE COCINAS,🍹,MULTIPROCESADOR DE ALIMENTOS MOX - MO-QC41 - 2 LITROS - 600W,,$33.000,,
ART. DE COCINAS,🍳,OLLA A PRESION/ARROCERA FTX DE 6L,,$123.000,,
ART. DE COCINAS,🍹,PICADORA DE CARNE FTX 100 - 6 EN 1,,$65.000,,
ART. DE COCINAS,🍳,PIZZA PAN MULTIFUNCIONAL ` OLLA ELECTRICA` - 9 CM - JEFFY LE CHEF,,$65.000,,
ART. DE COCINAS,🍳,PLACA INFRAROJO MARYLAND MR-5001 2400W - 1 PLACA,,$55.000,,
ART. DE COCINAS,🥤,SET 6 PIEZAS VASOS DE VIDRIO MARYLAND 260 ML,,$17.000,,
ART. DE COCINAS,🍶,SET JARRA DE VIDRIO MARYLAND 1.2 LITROS C/ VASOS 200 ML - 5 PIEZAS - 122005,,$17.000,,
Apple,🔌,ADAPTADOR TIPO C A USB PARA IPHONE MJ1M2AM,,$49.000,,
Apple,🎧,Apple Airpods 4 Anc MXP93LL com USB-C Charging,,$368.000,,
Apple,🎧,APPLE AIRPODS PRO 2GN,,$419.000,,
Apple,🎧,Apple AirPods Pro 3 Bluetooth,,$435.000,,
Apple,📲,APPLE IPAD 10 WIFI (2022) 64GB 10.9 - AZUL,,$587.000,,
Apple,📲,APPLE IPAD 11TH GENERATION (A16) A3354 MD3Y4LL 128GB 11 PULGADAS - SILVER,,$777.000,,
Apple,📲,APPLE IPAD 11TH GENERATION (A16) A3354 MD4E4LL 128GB 11 PULGADAS - AZUL,,$777.000,,
Apple,📲,APPLE IPAD 11TH GENERATION (A16) A3354 MD4E4LL 128GB 11 PULGADAS - ROSADO,,$777.000,,
Apple,📲,APPLE IPAD 11TH GENERATION (A16) A3354 MD4E4LL 256 GB 11 PULGADAS - AZUL,,$973.000,,
Apple,📲,APPLE IPAD 11TH GENERATION (A16) A3354 MD4E4LL 256 GB 11 PULGADAS - ROSADO,,$973.000,,
Apple,📲,APPLE IPAD 11TH GENERATION (A16) A3354 MD4E4LL 256 GB 11 PULGADAS - SILVER,,$973.000,,
Apple,📲,APPLE IPAD 9TH 2021 64GB 10.2 PULGADAS,,$512.000,,
Apple,💻,Apple Macbook Air A3240 (2025) de 13.6 PULGADAS- M4 - 16GB Ram/256GB SSD,,$1.878.000,,
Apple,🍎,Apple Pencil 1TH - A3085 MUWA3AM Bluetooth com Conector USB-C,,$158.000,,
Apple,🍎,APPLE PENCIL 2 TH A2051,,$158.000,,
Apple,📲,Apple Pencil Pro A2538 MX2D3AM Bluetooth com Conector Magnético para iPad Mini/iPad Air/iPad Pro (M5,,$229.000,,
Apple,⌚,APPLE WATCH SE 2 - 44 MM NEGRO,,$426.000,,
Apple,⌚,Apple Watch Se 3 40MM - Midnight,,$503.000,,
Apple,⌚,Apple Watch Se 3 40MM - Starlight,,$503.000,,
Apple,⌚,Apple Watch Se 3 44MM - Midnight,,$558.000,,
Apple,⌚,Apple Watch Se 3 44MM - Starlight,,$558.000,,
Apple,⌚,Apple Watch Series 10 46 mm MWWV3LW A2999 GPS - Rose Gold Aluminum Plum Sport Loop,,$593.000,,
Apple,⌚,Apple Watch Series 11 46 MM/M/L MEUX4LW A3333 GPS - Jet Black Aluminum/Black Sport,,$706.000,,
Apple,⌚,Apple Watch Series 11 46 MM/M/L MEV74LW A3333 GPS - Rose Gold Aluminum/Light Blush Sport,,$706.000,,
Apple,⌚,Apple Watch Series 11 46MM M/L MEV44LW A3333 GPS - Silver Aluminum / Purple Fog Sport,,$715.000,,
Apple,⌚,Apple Watch Series 11 46MM M/L MEV44LW A3333 GPS - Space Gray Aluminum/Black Sport,,$706.000,,
Apple,🎧,EARPODS APPLE. C/ CABLE ENTRADA LIGHTNING,,$55.000,,
Apple,🎧,EARPODS APPLE. C/ CABLE ENTRADA TIPO C,,$55.000,,
Apple,📱,IPhone 13 128 gb Azul,,$944.000,,
Apple,📱,Iphone 13 128 Gb Blanco,,$944.000,,
Apple,📱,IPhone 13 128 gb NEGRO,,$944.000,,
Apple,📱,Iphone 13 128 gb Rosa,,$954.000,,
Apple,📱,Iphone 13 128 gb Verde,,$944.000,,
Apple,📱,Iphone 14 128 gb Blanco,,$1.070.000,,
Apple,📱,Iphone 15 128 gb Azul,,$1.179.000,,
Apple,📱,Iphone 15 128 GB NEGRO,,$1.179.000,,
Apple,📱,IPHONE 16 128 GB AZUL,,$1.363.000,,
Apple,📱,IPHONE 16 128 GB BLANCO,,$1.363.000,,
Apple,📱,IPHONE 16 128 GB NEGRO,,$1.363.000,,
Apple,📱,IPHONE 16 128 GB ROSADO,,$1.363.000,,
Apple,📱,IPHONE 16 128 GB VERDE,,$1.363.000,,
Apple,📱,IPHONE 16E 128 GB - BLANCO,,$989.000,,
Apple,📱,IPHONE 17 256 GB - AZUL,,$1.630.000,,
Apple,📱,IPHONE 17 256 GB - BLANCO,,$1.630.000,,
Apple,📱,IPHONE 17 256 GB - LILA,,$1.630.000,,
Apple,📱,IPHONE 17 256 GB - NEGRO,,$1.630.000,,
Apple,📱,IPHONE 17 256 GB - VERDE,,$1.630.000,,
Apple,📱,IPHONE 17 PRO 256 GB - AZUL,,$2.110.000,,
Apple,📱,IPHONE 17 PRO 256 GB - BLANCO,,$2.110.000,,
Apple,📱,IPHONE 17 PRO 256 GB - ORANGE NARANJA,,$2.110.000,,
Apple,📱,IPHONE 17 PRO MAX 256 GB - AZUL,,$2.245.000,,
Apple,📱,IPHONE 17 PRO MAX 256 GB - ORANGE NARANJA,,$2.245.000,,
Apple,📱,IPHONE 17 PRO MAX 256 GB - SILVER / BLANCO,,$2.245.000,,
Apple,📱,IPHONE 17E 256 GB - BLANCO,,$1.363.000,,
Apple,📱,IPHONE 17E 256 GB - ROSA,,$1.363.000,,
Apple,🔋,Localizador Apple AirTag MX542LL/A - 4 Unidades,,$145.000,,
Apple,⌚,MALLA PARA RELOJ APPLE WATCH S10,,$20.000,,
Apple,📲,"VIDRIO PARA IPAD 10 TH 10,9",,$13.000,,
Apple,📲,"VIDRIO PARA IPAD 9TH 10,2",,$13.000,,
ANTEOJOS,👓,ANTEOJO com Speaker Xiaomi MJSS020GLFC Smart Audio Glasses com Bluetooth e Microfone - Preto,,$178.000,,
ANTEOJOS,👓,ANTEOJO DE SOL - JBL GAFAS SOUNDGEAR FRASES ONIX,,$168.000,,
ANTEOJOS,👓,Lentes de Sol Inteligente Blackview BV200 com Câmera e Speaker - Negro,,$194.000,,
ANTEOJOS,👓,LENTES de Sol Xiaomi Sunglasses MSG06GL Quadrado - NEGRO,,$58.000,,
ALEXAS,🔊,ALEXA AMAZON ECHO DOT 5 GEN,,$133.000,,
ALEXAS,🔊,"ALEXA AMAZON ECHO SHOW 5, 3 TH.",,$203.000,,
ALEXAS,🔊,Smart Speaker ALEXA Amazon Echo Pop Kids Edition C2H4R9 com Wi-Fi/Bluetooth - Marvel,,$107.000,,
ALEXAS,🔊,Speaker Amazon Echo Dot Kids com Alexa 5TH - Rainbow Swrirl,,$107.000,,
ALBUN - FIGURITA MUNDIAL,🍳,ALBUN PANINI - MUNDIAL 2026 -,,$7.000,,
ALBUN - FIGURITA MUNDIAL,🍳,FUGURITA DEL MUNDIAL 2026 - PANINI - X UNIDAD,,$7.000,,
AIRFRYER,🍟,AIR FRYER MARCA ANNECY 8 LITROS 1800 W C/ VISOR - CD80-01M,,$136.000,,
AIRFRYER,🍟,AIR FRYER MARCA JEFFY LE CHEF 15 LITROS / A PERRILA / KLD-736,,$133.000,,
AIRFRYER,🍟,AIR FRYER MARCA JEFFY LE CHEF 15 LITROS / DIGITAL / KLD-737,,$136.000,,
AIRFRYER,🍟,AIR FRYER MARYLAND MECANICA MR-AF7500M - 7.5 LITROS - 1700W,,$87.000,,
AIRFRYER,🍟,AIRFRY ELECTROBRAS 5.9LITROS,,$171.000,,
AIRFRYER,🍟,AIRFRYER 10 LITROS - MARCA ANNECY - PANTALLA TACTIL DOBLE BANDEJA CON VISOR FD-1015B,,$158.000,,
AIRFRYER,🍟,AIRFRYER 32 LITROS - MARCA PRO HOME- 4 EN 1...,,$181.000,,
AIRFRYER,🍟,AIRFRYER 5 LITROS - MOX - MO-AF168 - 1800W,,$84.000,,
AIRFRYER,🍟,AIRFRYER 5.2 LITROS - CON PERILLA - MARCA ANNECY....,,$0,,
AIRFRYER,🍟,AIRFRYER 6 LITROS - MARCA MARYLAND,,$0,,
AIRFRYER,🍟,AIRFRYER 6 LITROS - MARCA MARYLAND - MR-706M - PERILLA,,$0,,
AIRFRYER,🍟,AIRFRYER 6 LITROS HNA-S-18,,$0,,
AIRFRYER,🍟,"AIRFRYER 6,8 LITROS - MARCA XION",,$0,,
AIRFRYER,🍟,AIRFRYER 7.1 LITROS - MOX - MO-AF163,,$0,,
AIRFRYER,🍟,AIRFRYER 9.5 LITROS - MARCA MARYLAND - DIGITAL - 7095A,,$0,,
AIRFRYER,🍟,AIRFRYER 9.5 LITROS - TURBO - MARCA MARYLAND - DIGITAL - 7095TF,,$0,,
AIRFRYER,🍟,Airfryer MARYLAND MR-7082D - 8.2 LITROS - DIGITAL,,$0,,
AIRFRYER,🍟,AIRFRYER MARYLAND MR-AF9008F - 9 LITROS 1750W - TOUCH,,$0,,
AIRFRYER,🍟,AIRFRYER MARYLAND MR-AF9008TD - 9 LITROS 1750W - TOUCH,,$0,,
AIRFRYER,🍟,AIRFRYER MARYLAND MR-AF9511TD - 9.5 LITROS 2150W - TURBO FRY,,$0,,
AIRFRYER,🍟,FREIDORA AIRFRYER MOX 5 LITROS - MO-AF166 - 1600W / VIDRIO,,$0,,
ACER,💻,Notebook Acer Aspire Go 15 AG15-21PT-R5GQ AMD Ryzen 5 2.8GHz /8GB/SSD 512GB/15.6/W11,,$0,,
ACCESORIOS VEHICULOS,🌀,Compresor de Aire Portatil 2 Xiaomi MJCQB06QW BHR7112GL,,$0,,
ACCESORIOS VEHICULOS,🌀,COMPRESOR DE AIRE XIAOMI 2 PRO,,$0,,
ACCESORIOS VEHICULOS,🔹,Compressor de Ar 4LIFE Air Jet Portable FL22C001G,,$0,,
ACCESORIOS INFORMATICOS,🔌,ADAPTADOR OTG USB A TIPO C 3.0 FTX-CMAF3.0 5GBPS / GRIS / 115663,,$0,,
ACCESORIOS INFORMATICOS,🔋,Cargador Universal p/ notebook MOX - MOX-CB881,,$0,,
ACCESORIOS INFORMATICOS,🖱️,FILTRO DE LINEA FORZA PS-001B,,$0,,
ACCESORIOS INFORMATICOS,🖱️,FORZA ZAPATILLA / FILTRO FSP-10 UN,,$0,,
ACCESORIOS INFORMATICOS,🖱️,HUB 4 PUERTOS USB -A 3.0,,$0,,
ACCESORIOS INFORMATICOS,🔌,HUB USB-C / USB-A 3.0 FTX-HUBT3 - PB 4 PUERTOS / 5 GBPS,,$0,,
ACCESORIOS INFORMATICOS,📺,HUB USB-C 3.0 / 6 EN 1 FTX-HUBT4-PB 4K/5GBPS/SD,,$0,,
,,,,$0,,
,,,,$0,,
,,,,$0,,
,,,,$0,,
,,,,$0,,
,,,,$0,,
,,,,$0,,
,,,,$0,,
,,,,$0,,
,,,,$0,,
,,,,$0,,
,,,,$0,,
,,,,$0,,
,,,,$0,,
,,,,$0,,
,,,,$0,,
,,,,$0,,
,,,,$0,,
,,,,$0,,
,,,,$0,,
,,,,$0,,
,,,,$0,,
,,,,$0,,
,,,,$0,,
,,,,$0,,
,,,,$0,,
,,,,$0,,
,,,,$0,,
,,,,$0,,
,,,,$0,,
,,,,$0,,
,,,,$0,,
,,,,$0,,
,,,,$0,,
,,,,$0,,
,,,,$0,,
,,,,$0,,
,,,,$0,,
,,,,$0,,
,,,,$0,,
,,,,$0,,
,,,,$0,,
,,,,$0,,
,,,,$0,,
,,,,$0,,
,,,,$0,,
,,,,$0,,
,,,,$0,,
,,,,$0,,
,,,,$0,,
,,,,$0,,
,,,,$0,,
,,,,$0,,
,,,,$0,,
,,,,$0,,
,,,,$0,,
,,,,$0,,
,,,,$0,,
,,,,$0,,
,,,,$0,,
,,,,$0,,
,,,,$0,,
,,,,$0,,
,,,,$0,,
,,,,$0,,
,,,,$0,,
,,,,$0,,
,,,,$0,,
,,,,$0,,
,,,,$0,,
,,,,$0,,
,,,,$0,,
,,,,$0,,
,,,,$0,,
,,,,$0,,
,,,,$0,,
,,,,$0,,
,,,,$0,,
,,,,$0,,
,,,,$0,,
,,,,$0,,
,,,,$0,,
,,,,$0,,
,,,,$0,,
,,,,$0,,
,,,,$0,,
,,,,$0,,
,,,,$0,,
,,,,$0,,
,,,,$0,,
,,,,$0,,
,,,,$0,,
,,,,$0,,
,,,,$0,,
,,,,$0,,
,,,,$0,,
,,,,$0,,
,,,,$0,,
,,,,$0,,
,,,,$0,,
,,,,$0,,
,,,,$0,,
,,,,$0,,
,,,,$0,,
,,,,$0,,
,,,,$0,,
,,,,$0,,
,,,,$0,,
,,,,$0,,
,,,,$0,,
,,,,$0,,
,,,,$0,,
,,,,$0,,
,,,,$0,,
,,,,$0,,
,,,,$0,,
,,,,$0,,
,,,,$0,,
,,,,$0,,
,,,,$0,,
,,,,$0,,
,,,,$0,,
,,,,$0,,
,,,,$0,,
,,,,$0,,
,,,,$0,,
,,,,$0,,
,,,,$0,,
,,,,$0,,
,,,,$0,,
,,,,$0,,
,,,,$0,,
,,,,$0,,
,,,,$0,,
,,,,$0,,
,,,,$0,,
,,,,$0,,
,,,,$0,,
,,,,$0,,
,,,,$0,,
,,,,$0,,
,,,,$0,,
,,,,$0,,
,,,,$0,,
,,,,$0,,
,,,,$0,,
,,,,$0,,
,,,,$0,,
,,,,$0,,
,,,,$0,,
,,,,$0,,
,,,,$0,,
,,,,$0,,
,,,,$0,,
,,,,$0,,
,,,,$0,,
,,,,$0,,
,,,,$0,,
,,,,$0,,
,,,,$0,,
,,,,$0,,
,,,,$0,,
,,,,$0,,
,,,,$0,,
,,,,$0,,
,,,,$0,,
,,,,$0,,